,1,12,23,25,33,56,63,65,213,217,225,226,227,228,230,231,232,234,238,239,240,242,243,244,246,248,250,251,258,259,260,261,10020,10021,10051,Unnamed: 36
0,223.2961192,276.522653,77.87377864,91.60497537,597.7342241,268.1664368,64.64536782,768.0367816,120.2454406,396.6262299,0,11.03017241,4.027068966,42.05751916,16.56758621,9.099,168.8015517,22.68511494,20.27554844,83.53083908,15.16707118,13.42081897,38.59744828,114.5622003,2.234482759,6.044827586,7.75862069,111.326837,0,6.498206897,0,58.5341092,247.614844,259.154023,10.3137069,nan
1,102.2528963,157.5072895,66.18309379,46.79756979,290.0562931,103.1833333,28.53832184,375.6063793,66.05303273,192.1017356,0,7.980471264,0,23.94431637,1.258275862,0,128.9568966,12.57988506,20.92732677,74.30087356,10.5747931,8.617518473,17.07131034,54.23652874,3.477586207,1.49137931,3.937816092,20.76980296,1.985747126,5.939586207,0,10.19347126,136.2458251,164.2985632,9.734425287,nan
2,94.7464426,124.7226965,46.47376219,52.84636453,279.1728448,117.1258046,37.60415517,336.2668966,68.87711082,198.6859852,0,1.921896552,2.013534483,2.595747126,1.258275862,0,16.39672414,3.570804598,11.21587849,44.99761905,15.31799374,3.618017241,13.22914943,50.61889327,1.73862069,3.022413793,3.937816092,39.99968842,1.985747126,5.017655172,0,4.776327586,122.75,135.6720115,10.31103448,nan
3,64.95150422,163.1205408,93.60931944,249.2718227,80.3995977,149.7446552,24.06175862,164.9729195,69.19852768,208.3695996,0,41.87543103,5.385143678,8.81467433,11.53482759,1.938344828,2.829655172,10.28505747,18.23857143,7.101931034,18.13513999,6.961576355,7.84137931,3.620689655,5.34137931,7.496551724,0,15.11358128,11.4366092,11.26274138,0,5.005724138,108.5761453,107.6032644,17.47890805,nan
4,87.35752708,426.0510216,190.1556975,691.2566502,215.3666379,401.6868678,72.54848276,380.7652299,142.8693513,619.4333563,0,69.01752874,30.09231609,40.04301382,12.79275862,1.938344828,15.77706897,21.46310345,20.1404023,51.11827668,15.92309702,14.61375411,27.91806897,11.12684729,3.477586207,28.53482759,9.873793103,21.99546182,42.87640805,34.3497931,6.191719212,19.60078161,154.0798768,155.5940805,19.53367816,nan
5,124.073614,614.9300216,192.0961804,740.1335961,280.8188793,479.9652011,64.57818391,524.3891954,143.1962641,705.2191264,0,37.568,13.15873563,77.71436782,11.90068966,1.938344828,26.87224138,18.51678161,38.74918719,25.90884401,27.98619253,9.086666667,38.77425862,28.07450739,4.594482759,18.53413793,24.1637931,58.89948276,16.23896552,36.72291379,2.02137931,56.48106897,285.1107553,188.8922759,14.02637931,nan
6,245.670553,685.0719181,345.7791133,715.3337931,326.1831897,610.8224138,74.6453908,685.5870115,183.6358064,700.2368046,0,44.1873908,25.36685345,49.43274904,13.15931034,0,48.41465517,20.57017241,48.37369458,28.84306732,10.2345,22.54828818,63.33006897,40.9282266,5.837586207,8.987931034,25.75810345,67.20723522,12.4033908,40.15127586,12.79145785,39.51273563,352.5097044,259.0105172,55.06474713,nan
7,397.6439096,651.044569,423.2096552,658.4791626,574.4717241,652.9285057,49.70391954,886.9457471,250.18504,729.877477,0,50.25656322,20.88146059,62.57174781,9.017241379,5.815034483,44.58155172,23.39390805,74.54208128,113.9606453,25.08437386,28.27365764,78.16927586,92.83498768,8.197586207,7.496551724,31.3962069,64.04627874,27.66795402,43.31434483,12.79465328,59.95962069,424.3069048,322.990977,36.79690805,nan
8,377.2439372,620.4797198,448.8019951,646.5027094,508.9069828,664.0968966,69.661,949.335977,198.6752745,806.0431624,1.687448276,35.44687356,9.588637931,59.17944239,18.92689655,1.938344828,37.94896552,37.33862069,77.29996305,104.9373268,42.92362825,23.67956281,87.07232759,133.7384729,7.206206897,21.27586207,27.21367816,76.0407266,12.05655172,42.61349425,7.422517241,65.77890805,470.8202545,378.8116667,32.93488506,nan
9,428.6527546,658.6332543,446.7165025,658.2428079,665.6023276,677.5888506,72.49491379,968.9840805,225.8303877,794.9415273,0,44.44273563,8.054137931,55.08962124,24.69413793,7.083155172,58.6237931,39.20425287,107.8046601,153.3291264,30.56022427,15.879,84.63227586,117.889335,12.42275862,21.03793103,45.85045977,153.2293001,17.13702299,43.62951724,4.945,62.7753908,511.394376,456.9167816,35.55172414,nan
10,626.8114579,681.27625,425.0827833,686.3041379,687.4332759,643.3668966,87.13166667,1043.128563,212.6016454,755.0382902,0,64.1467069,21.08845033,97.22077176,28.46862069,9.045609195,99.28517241,57.42045977,111.918514,177.6259113,40.69883048,23.46756158,110.448931,170.7915271,12.54137931,19.5862069,25.4787931,102.4512562,12.96957471,43.69755172,4.913226601,95.86670115,583.3157718,530.3244253,36.06637931,nan
11,584.6073161,595.8142241,434.2662069,657.2739409,697.0874138,642.5278161,104.7243448,1125.570517,234.4192499,845.5033204,0,53.2058046,23.98087644,95.75767625,46.13931034,11.05567241,153.1487931,62.64206897,85.01757635,180.6947291,38.99383341,22.54306034,69.73370115,182.4783744,9.315172414,15.07241379,35.95954023,123.2207451,17.5098046,31.72213793,5.717476738,94.39294828,559.1726273,529.902931,48.00086207,nan
12,586.6292968,702.099569,354.5819212,582.523399,677.0324138,591.928046,94.14810345,1208.358333,233.9758088,855.3873649,0,41.20301724,13.43482759,106.1164176,25.95241379,1.938344828,172.4581034,42.90821839,89.93948522,178.1538916,57.27936946,38.30195813,63.3757931,150.7770115,12.17103448,24.13965517,23.50988506,123.5367734,7.416011494,27.13981034,3.462360743,76.05691954,500.750156,534.4274713,54.2128046,nan
13,559.4120498,595.3409914,387.5626847,620.1555665,629.2747414,527.4501437,109.7830977,1083.024762,240.0180134,723.2752227,2.2925,37.98597701,10.51162356,96.55237001,27.94482759,7.75337931,162.8501724,45.22908046,94.99861248,181.1257143,42.5523099,32.51972291,90.16551724,148.241913,4.594827586,16.60344828,19.74770115,130.9233498,20.41804598,48.11089655,7.210517241,56.78415517,471.4058949,448.7906897,45.7057069,nan
14,595.1273276,536.9312931,332.4630542,577.0789655,663.7111207,556.7965517,95.90307471,1031.002126,228.8721213,840.5960129,0,36.70936782,13.53930911,86.3050249,39.79551724,1.938344828,118.0665517,46.8366092,108.556087,179.1858621,54.72103344,23.64669335,78.7707931,178.9906897,3.351724138,13.50172414,30.52137931,103.8209635,22.21883333,17.84737931,6.775901857,67.10828161,581.2647373,472.6306322,54.1957931,nan
15,553.9360249,647.7999138,397.0430788,582.6518227,701.2260345,600.7583908,92.0970977,1021.538276,203.6302671,776.8964368,0,42.37442529,11.02283005,60.55643268,15.15137931,5.814965517,134.8624138,26.85701149,104.6880296,180.43867,56.05259023,36.95219704,101.5779425,148.4695567,3.106896552,12.05,27.3891954,98.26345649,21.34628736,39.63993103,9.3907526,68.47644253,547.9105665,448.4413218,54.27651724,nan
16,575.0569984,559.0536422,329.881133,485.9476847,681.9308621,635.4645402,93.76605747,1012.766207,174.6884554,786.1414555,3.374896552,44.25658621,20.13534483,54.21265079,15.22724138,3.192241379,92.41844828,50.10574713,119.4142849,178.677931,53.96838551,34.01076149,79.33542529,175.4555172,6.829310345,21.03793103,25.33252874,89.16746552,23.53977011,32.15434483,1.996921182,44.59560345,494.7376273,446.1825862,42.6971954,nan
17,506.2980868,506.7912716,265.5220936,434.510197,695.6931897,518.0520402,90.67177011,919.2082266,178.7424807,822.0449655,4.043224138,65.78790805,27.84981322,89.18367542,8.283793103,0,64.89913793,38.12264368,84.62682266,179.3723153,40.55279791,25.75163218,66.99163793,148.9517734,9.188965517,18.01551724,33.44229885,88.18216133,32.84481609,41.74224138,18.99953434,60.3819023,461.203711,420.8276437,33.02600575,nan
18,602.3710011,424.1764655,351.3664286,461.1468473,612.1084483,554.1590805,92.31308046,909.8344089,191.673394,784.9472687,1.687448276,67.34089655,12.80129721,89.28498057,17.45482759,1.938344828,35.39672414,40.24034483,97.46042693,162.6843415,66.78977675,53.74545854,118.2803506,148.7323727,8.567586207,21.07758621,10.78511494,111.9856814,38.1317931,41.24050575,2.02137931,93.44945977,519.0676601,448.043046,48.41571839,nan
19,552.3933985,516.4283836,442.9518473,617.8252217,681.4537931,636.8452586,102.2225287,1011.761724,161.9213906,800.5529454,0,60.12186207,18.54923851,93.88299535,19.81862069,2.90637931,61.58948276,36.65166667,97.08100164,179.2610837,51.88837412,36.07770115,102.6208276,176.1623645,4.72,16.52413793,44.11229885,111.0001149,12.85896552,22.81475287,1.996921182,42.48717241,490.8135057,479.0512644,35.89455172,nan
20,583.7032402,548.7706034,505.6087192,586.9576355,705.3375,729.0117241,91.75326437,1033.934598,206.7687296,766.0180057,2.812413793,41.57444828,15.6104023,117.988809,25.95206897,7.75337931,100.8136207,60.80597701,129.1802562,179.0118227,57.78524904,47.44392036,121.4652069,167.7072414,7.576206897,18.01551724,24.82747126,127.3514113,6.944586207,30.22225862,11.44275287,64.86287356,622.9016256,514.1605172,31.76117816,nan
21,606.2304985,506.909375,519.3328079,532.9881773,732.5180172,715.0236782,90.03881609,989.3273563,161.9613072,860.4617055,0,44.68396552,9.220301724,76.12638314,52.58827586,12.55832759,155.277931,59.87528736,129.5049146,177.3073399,49.22776,38.03335057,79.38055172,169.8168473,6.828965517,16.5637931,23.6854023,129.1234729,9.224333333,23.48256897,5.856419098,60.63627586,611.9335632,574.2407471,32.85474713,nan
22,418.4990872,511.8762931,298.5525369,393.9178325,730.2381897,646.9671264,73.43902299,840.6911494,156.3083299,727.9574943,0,24.2054023,4.027068966,78.58626026,64.49103448,8.98462069,176.2813793,119.9410345,98.24223399,178.5511823,58.79463928,29.47992241,84.15447126,180.459803,7.946896552,18.05517241,31.50212644,117.6482882,28.18649425,29.42041379,3.348596059,47.84827011,462.2696223,452.6235632,35.92295977,nan
23,351.3000359,280.1345631,144.0049655,151.1070443,670.2221552,420.5798851,52.20757471,766.9852874,161.9757178,423.2141149,0,16.79944828,5.165332512,51.55081034,37.12068966,7.753310345,200.0096552,63.82977011,41.14142693,158.1387356,33.18128306,32.86946429,55.74432184,121.1315928,2.855862069,0,14.87735632,82.22864122,3.899195402,8.237741379,3.762170846,50.93049425,323.5506732,351.9568966,15.44309195,nan
24,173.748439,175.0415716,80.94100948,58.23785714,535.1792241,195.7311494,39.78149425,519.1613793,70.97253301,243.0283218,0,3.850804598,0,20.03813218,9.174827586,3.53337931,208.327069,17.89206897,23.36402299,89.13054351,11.22632784,17.66246675,35.17806897,106.8223317,0,0,1.939655172,30.64517529,5.341551724,14.21391379,0,35.72367816,188.8755583,234.0805172,21.33103448,nan
25,97.96968198,106.1942095,60.45763675,44.55124384,317.1715517,165.7703448,18.38071264,373.5896552,77.68747958,242.7000246,0,7.115655172,0,3.638505747,1.625172414,0,84.81724138,10.72505747,10.54203612,84.89961823,12.21118637,3.424137931,9.806482759,76.82738095,0,1.49137931,0,33.60498522,1.949597701,4.975551724,0,20.21388506,87.37918309,120.9524425,18.03618966,nan
26,41.11763591,41.19174591,13.60574435,25.46448604,93.28017241,54.12885057,9.754068966,137.5775402,53.28798114,95.10240358,0,3.843793103,0,8.65835249,1.625172414,0,10.46517241,1.785402299,3.335287356,27.72213793,3.780091954,0,5.866758621,9.61773399,1.242758621,4.553448276,5.935977011,2.521970443,1.985747126,0,0,1.889597701,61.39443103,84.59427586,5.332758621,nan
27,43.00628862,137.0684481,104.3980744,147.416798,60.77224138,134.2140805,24.77343678,105.2386552,50.88105779,175.2733621,0,10.63689655,1.744039409,0,4.141724138,0,2.748275862,8.952298851,5.196389163,0,3.515287356,8.23394335,5.876275862,0,2.234482759,2.982758621,4.936896552,6.074482759,3.935344828,0,0,0,62.60471018,84.5853908,7.110344828,nan
28,97.8387519,480.0636638,271.0180049,523.0672414,113.5054598,405.1389943,39.77856322,321.9475287,110.7290395,509.2947816,0,36.3147069,5.635775862,24.8047433,9.542068966,7.107264368,13.77896552,16.06885057,11.55876847,7.635310345,19.38620881,7.573534483,19.40485057,9.224696223,4.224137931,25.51206897,19.25201149,23.06343596,21.69862069,19.82151724,0,5.049747126,114.3088711,145.8817241,15.66955172,nan
29,124.686495,447.2843103,295.5255172,720.5749754,213.8262069,539.2017529,51.71212644,445.847381,150.8319981,691.6162816,0,45.65715517,2.013534483,18.01887931,10.27586207,5.815034483,19.98241379,19.67770115,28.70267241,27.03759852,12.01147783,5.077512315,33.97168966,10.19129064,5.712068966,31.71551724,23.58770115,54.3286954,15.15068966,23.99227586,3.107639257,23.93735632,242.1258621,196.9779885,9.503678161,nan
30,289.3496145,692.2696336,486.8325123,623.0276847,302.1218103,603.5890805,67.99178161,732.2542529,208.3719904,696.681852,0,37.76605172,10.66758621,38.2290223,4.141724138,2.130068966,41.49258621,14.6383908,44.56991379,63.66796388,15.31236841,17.14853818,65.67424138,40.99165846,4.09862069,9.027586207,14.8108046,71.720078,9.820287356,34.08818391,7.425691297,35.76058046,418.8719458,271.5057471,42.04832759,nan
31,482.4243151,704.8335345,517.4050739,423.8949754,615.5657759,565.7852874,85.81885057,905.4463218,207.1616737,774.4698707,0,49.84842529,12.97444581,43.86441762,15.15206897,3.876689655,26.7562069,27.76270115,68.28479557,104.3757931,10.8920252,14.9500431,59.5205977,129.654908,14.90137931,12.05,26.56563218,95.1716092,20.87664368,41.09175862,9.739051724,48.10801149,739.5092611,396.2956897,60.19520115,nan
32,527.9707359,756.0811853,625.2337685,441.7151724,691.8081034,582.1177011,84.19831609,1027.56977,230.3994383,761.3014871,0,55.42238506,13.45616379,90.06101259,21.0762069,1.938344828,83.20068966,33.95528736,62.76184729,118.3953038,11.10598143,35.6484647,102.2933103,123.7551232,8.197586207,4.513793103,26.38333333,83.93068966,15.60137931,32.99048276,2.657610837,46.07857471,759.2518883,460.5891954,45.94282184,nan
33,644.0903774,674.0197845,694.4147783,547.0840394,717.7181034,665.1996552,98.13449425,1074.074253,213.4539619,813.4602816,0,44.00441379,13.65022414,81.93339491,16.56758621,4.929293103,84.98517241,29.12275862,106.8640066,168.5130049,26.4426522,12.96849138,101.8990287,168.5587685,5.711724138,6.084482759,21.45321839,130.2430603,24.95342529,45.49383333,14.31225991,85.01837931,609.3773399,573.6873563,42.85485632,nan
34,662.0263659,733.7561638,696.2631773,611.4750246,729.0182759,680.4711494,53.1452931,1092.074943,225.9898086,905.921342,3.374896552,37.86298851,12.60644828,93.06264231,15.30931034,6.461149425,81.03051724,31.34591954,90.39855008,179.1656158,34.27488554,21.74868678,70.59372414,173.4085714,6.08862069,13.58103448,38.46747126,117.911016,13.30113218,37.55881609,10.97505389,96.2746954,467.1963629,633.5927586,38.39293103,nan
35,618.249284,784.6966379,644.8413547,526.0606404,731.1731897,644.3194253,54.02866092,1006.077241,226.8135656,744.4057342,0,30.25008621,10.06767241,119.0046258,24.69448276,5.058931034,117.7891379,39.35528736,56.53789901,179.174532,7.446190981,25.81549384,44.92351724,176.7473892,1.73862069,9.027586207,17.80793103,135.1611576,16.89316092,28.80149425,0,84.2975,489.2492529,583.9532759,27.98224713,nan
36,572.6608509,731.5314224,532.9556158,654.1461084,725.4522414,667.4548276,73.12579885,1173.97523,212.9199899,744.1175905,0,40.68172414,19.06448276,95.72175287,24.32758621,3.876689655,149.7387931,27.96172414,83.21988177,178.7622167,27.99197384,5.491163793,53.6897931,125.8054811,9.810689655,10.59827586,22.71241379,125.6722085,26.73236782,39.25588506,13.85808703,87.28838506,617.6696223,525.8129885,57.40304598,nan
37,671.801883,714.773556,496.3224384,654.2443842,661.1888793,615.6858621,73.38763793,1119.050115,244.8294821,764.2493908,1.687448276,30.00264368,13.705117,96.5780665,28.31172414,3.876689655,122.9512069,32.22609195,104.8544253,172.6861576,38.36801093,14.50672209,67.91237931,152.0853005,6.828965517,15.15172414,5.935977011,139.2906564,14.09994253,15.85034483,3.749137931,62.34477011,538.4168144,482.9623563,43.59422414,nan
38,660.7226453,680.983556,483.422069,623.5571429,688.4243966,698.4036782,92.9641092,1108.867241,265.3721442,709.5267083,0,32.92032184,13.19085181,114.6768374,11.53413793,4.638896552,123.5282759,24.07471264,112.9213629,180.792266,49.27051248,14.93532635,97.54544828,165.381133,5.215862069,1.49137931,30.53781609,111.5837139,14.08617816,22.53475862,3.395517241,39.67371839,641.5157718,499.7864943,55.35186207,nan
39,626.227512,650.435819,552.7450985,650.4327094,733.4907759,698.4171264,83.40612069,1105.047989,254.7727616,855.4667845,1.687448276,20.01321839,15.13669951,66.77566229,14.41758621,0,107.0718966,18.7054023,93.62076026,178.5678325,37.5500467,8.962567734,77.59,181.2693103,4.224482759,13.62068966,33.41609195,128.8710222,14.85264368,50.23348276,3.327931034,69.52785057,654.5680952,501.9150575,56.27231034,nan
40,573.8040065,665.1780603,514.2422906,630.5953695,694.9331897,726.1350575,79.20293678,1015.709048,225.6072187,790.7126121,3.374896552,41.1981954,16.34758621,85.69217529,9.909655172,1.938344828,86.54362069,35.03689655,57.58939573,179.9900493,31.04811087,20.25622742,50.71915517,172.3191133,5.467241379,20.99827586,28.08862069,114.1973461,20.21158046,27.12725862,8.834318182,42.67248851,675.3596716,577.8476437,42.05686207,nan
41,738.680249,654.0667026,461.6664039,588.2454187,711.6323276,690.1556322,115.5035402,1080.305878,260.3815723,735.509102,0,50.74336782,6.040603448,85.86432677,11.16724138,0,62.18396552,21.50091954,68.4341757,178.0967488,29.90240666,15.16091954,71.1615,180.1763547,4.72,10.51896552,19.80609195,152.9938732,32.07399425,67.09337931,18.89465517,110.1587816,463.2220525,452.4916667,57.9112069,nan
42,633.3954226,549.4785345,453.9448276,655.1877833,599.0350862,770.0072414,116.2375402,1094.993966,238.0392744,860.2796868,1.687448276,44.60198276,25.15006034,109.6234346,12.79241379,10.43260345,54.60517241,47.14925287,78.80909113,145.5914532,41.1730912,31.93772167,91.65617241,171.6218473,3.477241379,7.536206897,45.25586207,116.5805287,26.68442529,51.04048276,20.9005986,130.3268391,530.1536535,491.3614368,49.45850575,nan
43,738.7016441,556.3836422,622.4640148,553.0367488,721.2687931,771.8351724,58.17862644,1173.308966,215.6793035,703.6354741,0,30.83143678,13.61991379,116.9534914,16.93482759,1.938344828,92.17293103,24.86913793,98.50009852,179.9605419,45.57306347,20.64186987,65.22232184,167.0814778,5.090689655,6.044827586,16.80896552,125.9482102,14.23131609,29.75871264,8.46340112,102.1815287,646.952381,561.3967816,37.66485632,nan
44,589.6058238,565.8662284,680.7203941,463.1243842,727.8891379,776.7491954,77.43851149,1018.561207,183.6536127,876.8811566,0,30.9541954,6.040603448,99.82421264,33.34482759,3.876689655,111.082931,46.52252874,81.50544828,179.4959113,29.41429146,24.46682266,77.195,170.4207882,6.828965517,10.63793103,26.03350575,132.454415,25.0416954,19.83296552,9.737380952,82.89087356,374.8629885,958.7724138,38.77841954,nan
45,635.9930505,541.6049784,632.3057389,393.624335,733.2491379,763.2484483,35.78372414,1069.228851,177.3391246,899.7258635,0,20.62289655,2.013534483,83.13702586,21.44310345,3.876689655,190.0132759,45.30856322,103.1634286,179.1607882,60.70907493,34.64244581,81.27917241,167.1685714,5.215862069,28.49482759,25.74218391,120.5695505,40.07991954,23.79855172,0,115.1778276,183.8659195,1001.833448,31.95833908,nan
46,621.0931066,513.4143103,690.0660591,412.1723645,728.5615517,770.7213793,37.95484483,1075.182241,168.0274771,808.8339598,0,30.06948276,0,97.73606801,22.33482759,5.16891954,189.2560345,28.9716092,73.75449015,179.1135961,27.07304362,30.00917488,64.05804598,168.5847291,8.693448276,15.07241379,14.56390805,126.1845074,20.02854023,15.58041379,3.419469496,66.2213908,200.2116174,874.6106897,26.13585057,nan
47,494.1839574,484.0190086,260.8938121,232.7425616,740.599569,761.1633333,82.27625862,948.2022989,158.8548652,949.7226624,1.687448276,40.45445402,12.25006897,74.16231992,36.38689655,7.947310345,182.7831034,49.4591954,68.32558292,180.9828079,28.46112991,24.62245115,54.99777011,123.4132906,10.18068966,16.52413793,28.79793103,106.6162069,19.45859195,41.68148276,22.77449701,79.72343678,373.7165271,429.9050575,25.79294253,nan
48,343.2532261,246.0076365,154.2272996,74.93097044,593.4864655,538.8229885,59.90198276,768.3535632,138.4477634,660.7533491,0,16.03950575,9.179137931,53.83873563,10.80034483,7.163068966,117.1836207,19.70310345,39.12128736,106.3824105,18.1960474,8.318836207,36.14675862,63.52973974,1.73862069,7.496551724,14.18574713,75.37141585,10.56632184,17.97484483,3.847448276,63.81708046,278.8695567,312.6483333,19.56355172,nan
49,159.6716378,173.7351116,98.43311662,51.10773645,372.3978448,301.7487356,46.6684023,445.7937356,110.4487214,356.1678809,0,12.35513793,2.013534483,13.3264751,9.384827586,0,54.00689655,6.248908046,9.128587849,83.50225205,6.672445838,6.108331281,11.77158621,33.802422,0,0,0,46.78172373,5.848793103,9.916482759,0,24.77599425,97.17071839,159.5859425,6.559022989,nan
50,64.79093965,78.2018473,48.22194324,36.25661823,106.5143391,106.5666667,43.09155172,179.760977,40.63326049,140.567225,0,10.90341954,2.013534483,3.75262931,1.258275862,1.938344828,1.325172414,5.356206897,11.13192939,22.31735961,3.543706897,8.977986453,8.841465517,18.77031199,0,1.49137931,0,7.958275862,5.923448276,16.18153448,0,9.396804598,72.97716092,89.10505747,13.62931034,nan
51,43.51199441,169.9294641,110.8068345,217.870936,103.2903448,125.8810345,40.25028736,173.1699425,80.47364502,209.5334447,3.374896552,14.05563218,8.054137931,13.3042864,5.033103448,0,0,17.28735632,5.96364532,1.748965517,7.300847701,7.698304598,10.13903448,9.537044335,2.234482759,9.067241379,4.587816092,7.003275862,16.53109195,15.07806897,12.9727422,17.50825862,107.4631034,101.2238908,17.57008621,nan
52,125.5535397,411.5854526,262.7724138,726.5184729,133.8210632,493.8365517,154.0937011,420.7155911,137.0784442,685.8159856,0,25.29473563,13.97051724,8.479463602,22.86,10.98395402,13.21448276,17.87965517,15.95704433,17.77831363,12.65293264,10.72829433,29.67482759,25.74339245,3.728275862,22.64827586,22.06770115,13.28177586,29.87486207,53.87977011,14.68183289,24.77477011,274.8509688,174.6897126,26.00017241,nan
53,200.1045187,572.8470259,379.9696059,712.0233005,281.0268966,702.006092,108.7006437,624.5013218,200.4776343,675.1727126,0,53.32106897,19.60152997,40.36671593,7.025172414,0,22.86706897,15.82603448,41.47708867,36.88425944,5.463554377,13.06730501,41.24142529,18.07047291,4.594482759,9.067241379,13.63609195,40.93615353,17.27951724,40.4657931,5.586442006,37.01407471,384.8885304,233.9573563,25.69856322,nan
54,445.1838697,771.4754095,490.0181527,620.3961576,418.0969828,546.8148276,114.8812069,954.7914368,301.3453616,651.413102,0,42.32536782,23.08514163,64.36530651,9.542068966,0,32.48172414,25.09701149,62.02638752,33.86594007,12.31169941,18.93627053,68.33124138,43.41018062,7.827931034,9.067241379,17.57390805,69.15120279,12.08628736,43.70232759,14.94400501,35.85911494,427.330509,337.2307471,74.77624138,nan
55,643.1901954,714.5375216,610.7981034,641.627734,530.0611207,664.981954,75.14868391,1153.595517,283.1693613,830.2180201,1.687448276,34.21591954,18.12181034,76.31939765,7.025517241,1.938344828,32.33637931,18.85517241,44.223711,132.3572315,24.27039386,2.802284483,52.00936207,103.6919458,7.450689655,10.67758621,22.09321839,88.4183477,21.01274713,37.08697126,0,44.82236782,419.6691215,436.0572989,43.72477011,nan
56,548.9918222,725.1850647,643.342931,490.3829557,520.6619828,618.826092,90.57175287,1095.604425,297.5262909,873.8329569,1.687448276,48.12095977,12.60782184,85.29707471,6.658275862,1.938344828,44.235,17.03097701,79.30384236,105.6628654,34.40490363,7.472859195,64.032,100.1693588,4.09862069,12.08965517,25.81103448,92.2906486,27.24724138,30.32977586,9.245560345,30.57794828,586.949647,472.9217241,67.51413793,nan
57,701.0584595,691.2468534,791.942734,283.7821182,651.5130172,655.9254023,64.44125287,1113.662759,306.3943497,843.5638534,0,27.47327586,15.4217775,56.75965244,14.05103448,3.876689655,48.97948276,28.84862069,81.51248276,148.1156281,41.93701621,10.80755542,60.97942529,70.96915107,9.187241379,16.5637931,35.15189655,98.63925246,17.61862069,39.64447126,2.02137931,70.40726437,668.6385961,510.2227586,34.72512644,nan
58,564.7606336,656.9625862,617.0350985,471.7293596,678.0267241,712.7866667,44.21334483,1033.527759,261.8317268,590.446772,2.896275862,24.66477011,8.054137931,71.13123563,17.45896552,1.938344828,67.39448276,28.6041954,78.79883826,179.2442365,25.58449166,10.39207512,69.59910345,171.4242857,2.36,7.575862069,13.6945977,111.1055632,22.76343678,27.19935057,14.09692118,58.25747701,572.8647373,651.6542529,40.21594253,nan
59,624.3521839,658.2529741,588.1703941,541.305665,700.3271552,732.3322989,48.89581609,1090.73408,256.0354099,664.4141365,0,43.56428161,19.76146552,66.63863164,10.93931034,3.876689655,79.76034483,39.40597701,70.88696059,183.1226601,15.20328161,10.21185755,56.39672414,158.0000493,0,0,3.996321839,97.86716872,39.13425287,63.56829885,15.14573344,94.74962069,595.0024548,643.7608621,46.99801149,nan
60,680.8593295,631.546444,552.8852463,537.4594089,656.0724138,762.9827586,79.23655747,1122.840345,246.3159441,905.7073937,0,51.87545402,13.39607143,87.89431554,16.20068966,7.123264368,138.7298276,30.89126437,80.84315271,178.7039409,37.60233719,19.10586617,65.21512069,116.1772865,6.459310345,13.54137931,37.67275862,76.86964163,17.75333333,31.1862069,9.507703202,129.5451034,596.1250164,542.2282759,34.54171839,nan
61,658.4903257,701.2316379,461.2471182,652.6317734,695.0703448,694.2472414,72.47875862,1110.784885,244.9964966,849.5382658,0,38.43793103,14.38228448,67.7082656,21.4437931,3.876689655,121.8051724,34.79908046,113.0174466,178.3362069,49.67887131,24.49965107,90.43089655,157.2679376,10.06172414,13.54137931,21.51172414,134.5039347,9.784137931,17.15175862,5.993040752,86.7896092,523.2880131,493.1256897,61.86463793,nan
62,668.3155285,592.756444,453.8967488,593.8217241,683.5999138,746.1187356,99.52897701,1122.644885,246.8483727,779.7911135,0,41.16402874,8.054137931,73.98590339,16.77655172,5.815034483,134.6268966,23.72597701,101.1418596,178.8453695,34.9801817,26.9691954,74.84896552,173.0798522,5.837586207,16.68275862,9.932413793,117.074727,14.83137931,32.348,2.02137931,39.43226437,457.9652791,456.8905747,47.66604598,nan
63,670.3854023,634.6952155,423.3589163,575.8412808,699.5644828,689.5309195,143.8092989,1068.446839,269.0858307,825.3799124,0,46.77773563,14.2083202,77.97954119,7.759310345,6.761517241,66.17655172,25.04666667,126.300399,179.0999507,36.56748426,17.25931034,73.30741379,162.9104762,10.43206897,16.5637931,16.06396552,106.9669191,9.992729885,30.85608621,8.226167109,58.61385057,466.4155419,477.1617241,39.10994253,nan
64,705.0431125,621.8971983,339.5169458,438.0112315,583.922931,533.6713793,149.021592,1167.147299,223.5315584,858.6118276,0,37.22391379,7.410804598,59.00486111,16.04310345,2.880862069,67.06413793,38.28356322,122.8622742,177.8282266,48.68642609,22.01732964,61.19063793,176.0335961,6.333103448,19.66586207,20.74666667,118.9873493,23.88245402,25.00027011,10.03352217,74.08809195,398.5153695,450.2501724,48.05547126,nan
65,603.30054,512.1017241,264.4059606,436.7797537,636.0746552,607.6651724,114.6076897,1164.551207,211.1915989,940.2910575,0,29.23728736,12.79606034,77.14202655,14.57517241,0,65.55137931,32.21367816,68.38007389,177.5588177,43.76001147,24.07461207,67.70696552,131.0047775,7.08,31.67586207,33.89390805,135.3813099,34.62588506,51.80294828,11.69276534,79.71605172,352.6284647,446.4440805,38.9187931,nan
66,719.1289689,522.0110345,392.2476601,464.087734,658.3909483,522.1505747,82.51850575,1087.243736,213.3005465,788.3363908,0,37.46798851,17.40885468,60.39819321,19.66034483,3.876689655,77.40534483,32.71362069,76.33284401,119.4594729,37.51931503,28.22231158,96.54560345,121.8075764,7.576551724,16.60344828,22.32385057,171.7844397,24.44465517,24.78268966,14.91092901,85.36527586,472.770312,499.8116667,54.5892069,nan
67,569.1486231,601.7019612,531.2313793,593.916601,713.7236207,753.0654023,92.74972414,1122.098621,206.6075069,773.9672284,1.687448276,31.2316092,5.529511494,78.79153722,24.6937931,0,70.72810345,42.13454023,115.5181527,177.4817734,52.81193716,33.17308826,105.9506379,174.72867,11.80137931,15.15172414,31.44402299,119.5929433,9.996954023,34.02227586,6.87168435,76.473,626.0790148,548.7810345,47.30005747,nan
68,703.362682,632.5753017,680.7932266,470.9854187,714.9494828,711.4882759,62.61456322,1138.828793,166.6967525,719.4028822,0,36.06341954,20.25313506,47.77021073,22.49206897,7.75337931,96.49431034,56.61321839,122.0139901,179.6162562,50.23456075,20.17049877,95.69836207,175.8263547,6.333448276,12.08965517,23.9537931,119.7926293,17.15158046,35.19972414,0,101.4897126,515.783358,710.3725287,50.36648276,nan
69,609.7771602,690.4952371,707.172734,366.0577833,731.3238793,619.2110345,70.08323563,1072.26,212.6301506,836.9341681,0,23.06275862,16.39074097,86.58712644,36.91068966,0,196.0793103,51.8662069,96.41841051,177.7,42.77686078,40.70670936,83.7255977,170.7217734,6.333448276,19.78482759,51.77482759,125.076016,11.80603448,30.01501149,2.344827586,98.52890805,551.0006568,679.0001149,47.56849425,nan
70,732.2607854,599.980431,325.185197,413.5769458,729.7687931,718.5002299,42.82435632,1049.077241,157.1056464,840.3422974,0,22.32062069,11.42555419,61.05210317,17.89068966,0,185.6084483,62.46091954,83.66269294,178.355665,51.84668656,19.32482143,66.00689655,172.0655665,13.53275862,12.16896552,37.32172414,121.4783251,19.74902299,17.50521839,5.167610837,62.68802299,593.9962315,512.1901724,40.35321839,nan
71,578.9904804,459.700194,190.4273448,159.4919951,723.8277586,559.0012644,90.7412069,994.8213218,141.8887405,721.3925287,0,21.38741379,9.061465517,54.36187055,28.10206897,10.62689655,173.8381034,58.30505747,60.08921182,179.0192118,36.21158046,15.67160714,58.529,132.9244138,8.694137931,13.62068966,15.75126437,129.0026897,19.19195402,23.75714943,1.924310345,60.11044828,410.0806814,427.3990805,38.17855172,nan
72,299.2457581,305.4733621,79.77964386,71.3133399,510.3538793,288.3694253,81.71802874,856.1489655,134.4020916,443.0213635,0,26.04935632,5.797887931,51.38114806,17.30103448,0,122.0706897,23.22310345,30.50304433,105.964592,20.74030084,26.2615,44.4470977,77.35659278,4.09862069,3.022413793,12.2145977,114.4072003,10.90141379,20.92456322,0,49.66257471,250.0642447,279.8854598,10.31657471,nan
73,134.1176868,205.7414923,54.76604639,37.13622742,319.0138218,124.9213793,50.20910345,492.2135632,68.06321715,247.9557471,0,7.003591954,0,28.25942529,2.516551724,0,51.87,3.570804598,6.644334975,63.31691461,13.78408046,0,15.02505172,70.97666831,0.62137931,0,6.047471264,63.27301519,1.985747126,1.979862069,3.763454433,20.35894253,83.2545977,135.132,11.88551724,nan
74,60.28490887,73.1229129,36.6745204,27.4121601,98.18939655,30.44735632,41.67347701,191.3268391,33.03903789,91.09132148,0,10.19301724,0,0,1.625172414,0,8.957241379,6.274195402,10.16368801,28.40222167,5.689071618,5.102469212,1.955586207,10.45433826,0.62137931,0,0,22.04073563,10.48695402,6.378706897,0,3.127448276,67.01607471,74.70818966,5.332758621,nan
75,62.32303194,180.2581215,84.24516122,205.3601478,56.30623563,106.3007759,53.83122989,165.9701609,38.61573727,194.0215724,0,22.3191954,0,3.284789272,5.033103448,1.938344828,3.07862069,3.570804598,5.96364532,6.40287931,10.5698315,9.134519704,8.748534483,0,3.477241379,9.027586207,4.219655172,1.895517241,9.223482759,15.20183908,0,4.331908046,113.357931,74.70818966,14.8691092,nan
76,157.1596085,461.6293534,225.8429803,604.8437931,130.3697414,428.8751437,85.88908046,437.7293596,152.3968348,696.0767026,0,55.98063218,11.66813793,29.30741379,13.31724138,3.876689655,12.4137931,21.45022989,26.70213465,19.99724138,26.7228015,20.1020977,36.19962069,17.42357143,4.224482759,34.65896552,29.38747126,22.4700858,48.92445402,60.88137356,5.697844828,6.819798851,233.3775287,135.4047701,33.38732184,nan
77,177.6875481,612.8299569,321.3097537,729.899803,214.5775,561.0208908,89.61373563,639.7614943,199.1309775,912.113329,1.924224138,56.74136207,21.72059483,50.33108812,7.025517241,1.938344828,27.54293103,22.92902299,29.46117898,40.41046962,19.74235632,7.989254926,45.85501149,24.28170772,6.207931034,34.73793103,26.91183908,48.94749179,28.29908046,52.58070115,5.704948002,53.78521839,322.8907471,211.2471839,50.05600575,nan
78,331.6440685,677.1034267,434.4202956,664.429064,320.9481897,635.0736782,83.00178161,879.7462644,258.6820287,763.0115675,0,46.44793103,18.16465517,19.1305884,14.94206897,3.87662069,24.45862069,17.91758621,45.10825123,35.84208539,5.607188329,19.88140887,50.73322989,42.0284335,3.477241379,13.58103448,31.50264368,76.82416256,19.61945402,45.83955172,7.521919192,31.70662069,287.440312,316.8074138,59.05663218,nan
79,376.3435052,731.1347198,485.8539409,641.4610345,394.1931897,606.71,117.7657759,1006.288563,290.7806202,723.1868678,1.687448276,54.48781034,14.49424138,35.17048755,17.30172414,2.726758621,31.87517241,26.79954023,65.82535632,102.6120493,12.71760168,3.667017241,73.41365517,79.44872085,3.351724138,12.01068966,9.756781609,69.70217365,22.86363793,54.3455,10.67948907,42.38124138,296.086133,370.308908,67.37342529,nan
80,424.9579215,745.587694,492.6271429,668.7942365,451.2012069,564.4300862,111.7008736,1052.332578,280.0689833,820.5881221,1.687448276,61.44993103,24.14925862,61.17018172,25.5862069,0,61.42896552,39.01264368,75.92332348,108.3237282,31.09032493,2.014784483,93.06453448,114.5472241,0,4.513793103,0,23.671211,36.8516092,93.65935632,11.2215612,55.14525862,372.6736535,421.4437931,59.91413793,nan
81,694.8143137,750.3494397,600.5357635,621.2269458,647.3262069,606.938046,70.52982184,1234.962874,300.2800482,811.9667529,0,39.61475862,12.75023276,70.96172167,14.05137931,5.815034483,87.56603448,34.06885057,85.46591379,170.5891995,35.20026636,16.77001232,89.76940805,135.7092857,0,4.513793103,0,28.10669335,32.73117816,78.11544828,18.07201314,113.5643621,501.611642,491.3545402,57.78863218,nan
82,653.71834,720.6799138,723.2075369,501.5057635,657.7953448,635.7362069,63.55813218,1197.567356,263.1839189,760.1335632,0,32.22468966,16.98255419,65.23631787,20.18517241,1.938344828,87.64931034,41.76971264,94.77699672,178.9364532,26.88016733,29.17265599,61.2997931,151.1509852,3.477241379,4.553448276,11.87195402,31.92804803,21.54442529,43.76132759,6.758522167,112.5621667,486.1340722,544.5172414,48.17845402,nan
83,535.2195853,671.1428664,657.6718966,508.6383251,723.3312069,661.370977,66.87044828,1068.116609,225.559942,783.4204138,1.687448276,40.45577011,9.381614943,85.27045156,15.30931034,1.938344828,117.1810345,26.8004023,67.60418719,180.1524631,8.992662567,24.63592365,41.13072414,150.9860591,4.098965517,10.55862069,12.29586207,114.1140603,48.07086207,39.75978161,14.34779386,73.31734483,549.5228571,559.261092,39.8563908,nan
84,648.9651493,650.2343534,463.640468,615.335665,701.7508621,747.8275862,63.71782184,1140.31523,277.7105775,852.7284727,1.687448276,65.78617241,31.86642529,94.98132403,24.32724138,7.832706897,85.52224138,34.95890805,92.1988046,178.6612315,46.3801882,16.74063177,89.67366667,141.277601,0,0,0,47.84861289,36.66792529,62.3735,15.99636289,152.7574828,547.0521346,507.9997701,59.55527011,nan
85,637.4659066,631.8003664,460.1907635,570.94,676.5503448,677.6672414,112.8847471,1238.267126,197.2327669,861.424398,1.687448276,50.13790805,12.0812069,112.9691708,16.93448276,9.691655172,151.7605172,35.93965517,122.5037972,178.2026108,38.56758731,18.2056835,105.62,132.3457652,0.62137931,13.50172414,11.81356322,52.99544212,25.59141379,53.36356897,13.2315702,128.9768391,427.88422,477.3632759,44.13135632,nan
86,612.2629071,624.2929741,407.449803,579.9116256,675.5367241,626.0848276,131.4041092,1130.085747,210.7028087,868.9026394,1.687448276,70.10705747,19.80551724,69.84675192,11.90103448,0,156.7641379,33.8108046,116.9829187,179.4300985,32.14605305,18.49363095,97.83141379,139.3404269,6.333103448,15.15172414,15.69275862,100.8376622,16.14783333,21.15096552,9.505985222,77.07983333,441.6697044,462.7771264,33.59332184,nan
87,669.0221111,615.7004095,364.7135714,527.4552217,723.4973276,664.6132184,119.6912241,1064.420805,241.9697429,914.6998448,0,44.35510345,20.9092734,72.22982047,5.400344828,3.173275862,93.55551724,31.74477011,73.88323645,178.4785714,44.44563253,25.964883,76.72778161,167.9971921,5.962758621,9.067241379,22.16298851,109.2764594,18.33798851,38.11018391,8.919423445,52.4358046,400.0207964,420.7425287,61.73212069,nan
88,630.8943424,582.2784698,258.6519212,440.2493103,682.1516379,577.2970115,139.6762989,1114.737701,218.9128493,872.6661307,0,40.18737931,17.67705049,78.33241379,13.31758621,0,68.26810345,25.36977011,82.4202069,180.577931,35.86791458,39.23453407,76.01517816,175.6481281,6.829310345,6.044827586,25.39103448,103.7751051,11.84218391,32.78744828,3.650965517,83.68934483,383.8466338,410.9057471,41.74294828,nan
89,583.0258387,567.4336422,237.0406996,423.8800493,671.1201724,515.1775862,88.71097126,1088.359195,207.9000535,899.904375,0,48.45927586,10.8191092,70.91969828,9.541724138,1.938344828,52.48965517,26.83183908,92.6872266,178.7146305,45.25200948,41.30024138,82.10862644,112.500656,7.701724138,18.01551724,23.6854023,125.744686,35.11451149,41.68858046,8.334761273,72.34031609,344.9497044,393.7875862,48.4275,nan
90,645.8458269,563.4235991,325.7865025,450.8470936,660.9872414,522.61,110.9884138,1086.418103,204.088825,892.4776365,4.325206897,35.71818966,10.93057759,80.29956349,18.55965517,0,41.94586207,44.71149425,99.55767652,172.1383251,47.99242507,39.32010099,84.54081609,145.8179245,5.712068966,21.11724138,15.69275862,122.3452816,50.43227586,54.14321839,13.7894391,101.4867241,398.473202,456.6277586,45.01605747,nan
91,647.9779813,622.1576494,438.152266,563.7435468,725.0359483,667.9794253,107.6754425,1086.529483,162.7471118,806.9358175,1.687448276,47.2304023,21.34573276,80.04207594,19.81827586,8.717103448,87.34068966,36.26091954,92.4644335,177.0658128,48.97424198,29.95240969,100.9072874,175.7986207,8.197931034,12.08965517,27.62344828,147.4078551,19.76882184,45.18632759,14.24986485,110.6292874,532.486642,530.5534483,39.56533908,nan
92,672.2820225,720.2853448,562.8568227,506.791133,730.0458621,554.823908,63.43689655,1156.65523,196.7637774,850.159408,0,46.47764368,12.12353448,115.1174227,49.38896552,10.77243103,155.9736207,29.71275862,102.6640049,178.6692118,48.92549008,45.18056034,83.55093678,179.9019704,6.459310345,19.54689655,28.26885057,125.8873658,35.42390805,41.43135632,11.82688287,116.8430345,520.2873481,633.6998276,44.85051724,nan
93,718.0748587,696.6992026,525.9059113,539.0428571,731.9249138,536.3155172,55.4755,1086.415862,198.1469626,827.2983707,1.687448276,47.24173563,12.59117488,92.13605172,33.3437931,6.718672414,182.1306897,52.57804598,121.288867,180.7869951,51.99977839,29.50224343,77.71205747,172.7824138,5.837586207,15.15172414,41.43505747,108.9555542,25.90471264,40.38596552,13.27133386,127.8920057,626.4541215,563.9500575,37.15344253,nan
94,671.1094997,643.9949569,248.3234199,473.6780296,716.7141379,621.8732184,79.91950575,1105.558966,201.7845577,985.1237356,0,29.74897701,5.347844828,62.57345539,57.30758621,7.75337931,162.5315517,70.07356322,106.9225452,179.3140887,52.63991821,40.06315435,79.23437931,169.3587192,6.207586207,12.01034483,33.91402299,120.5118966,20.96032184,46.78665517,4.939655172,112.8302586,558.7049507,376.8309195,49.62174138,nan
95,501.0358001,484.512069,163.3530309,188.6352217,708.0150862,364.2307184,94.18022989,1009.461954,154.0801763,527.7722658,1.687448276,31.05959195,14.92706897,81.99120895,30.25241379,7.75337931,188.4668966,47.04862069,59.19121182,180.2593103,24.10301621,18.46274015,57.68127586,133.9979475,4.468965517,12.01034483,11.75494253,118.8511556,20.12889655,28.40627586,5.578039547,56.44887356,442.3531691,347.833908,32.33441379,nan
96,246.0999092,342.9093966,72.57309827,76.79149507,553.275,201.1278161,79.94816667,847.5287356,105.9133833,382.6835862,0,22.84521264,0,56.67270662,9.90862069,0,104.8356897,13.08689655,28.00342857,125.5972266,24.49385168,19.7698711,50.54043678,72.85413957,1.117241379,1.531034483,10.07931034,95.31943883,15.74137931,14.18775287,0,41.72822414,256.5992282,254.9003448,14.22068966,nan
97,93.71212175,177.9223742,62.46825811,31.72766831,319.1152586,120.0988506,46.57708621,518.4874138,70.3199155,225.0225287,0,9.030028736,2.013534483,8.776657088,2.883448276,0,74.58103448,9.130229885,5.96364532,78.60331034,9.138180639,6.593238916,12.95282759,89.32961002,1.117241379,1.49137931,1.939655172,41.54227217,6.321178161,1.979862069,3.705446708,31.50894828,88.85336617,157.8519655,4.768477011,nan
98,68.56057507,61.9222305,33.68030685,36.55023892,77.74465517,37.10913793,36.73448851,193.2642529,41.57866401,101.5088598,0,3.843793103,2.013534483,2.055670498,2.516551724,0,11.64241379,1.785402299,3.064827586,20.14986207,3.501925287,2.045258621,3.259310345,13.72115599,0,4.474137931,4.849137931,15.56605296,10.55686207,7.967034483,0,15.66912644,69.72511494,70.36803448,3.555172414,nan
99,61.90928484,147.1914957,74.46585122,216.3800985,70.3737069,99.80045977,55.69754598,190.0150345,50.61163302,205.6721724,0,15.37517241,7.634482759,8.694521073,2.516551724,1.938344828,4.89862069,7.154252874,8.708842365,5.533011494,5.977741379,3.495402299,10.12148276,7.493497537,1.117241379,12.05,5.935977011,8.256609195,17.17126437,23.11765517,5.25228599,3.128689655,119.3287931,74.70818966,14.99713793,nan
100,115.3220948,535.9215302,217.7623601,632.8349754,115.3166379,426.2277874,129.1662529,459.1244828,155.9030521,711.9908506,1.687448276,56.32465517,32.03378243,38.52611522,14.41793103,0,4.785689655,35.25787356,24.17962972,27.11500493,24.48501082,20.51655624,37.44984483,9.348775041,5.962758621,37.64137931,32.67747126,20.67672291,39.64974713,43.49344828,11.42109637,28.32033333,300.8477258,134.1283908,38.68272414,nan
101,171.5956045,653.7270259,358.8677833,696.3776847,227.5386494,553.5211494,91.7093908,649.243908,199.4676888,823.2527989,0,48.90904023,26.90008621,39.07797031,9.542413793,3.876689655,23.34344828,16.28344828,27.86975698,13.61027422,26.46295351,9.414181034,48.88773563,23.7406601,4.613793103,7.536206897,34.36454023,69.75591133,27.22798851,59.45393103,2.352980296,57.01465517,358.6293842,223.8216667,52.72063218,nan
102,305.6287888,715.2803664,419.5000493,655.5766502,308.0142241,523.5047989,76.62560345,952.3438506,199.9528756,756.4739971,0,51.65729885,11.57417488,39.49050835,9.542413793,1.938344828,37.59,17.89218391,28.57614039,45.43768309,9.404122774,7.488836207,56.88622989,54.50802053,3.477586207,12.05,22.97965517,73.47141831,16.66968391,42.80848276,7.542049261,31.84454023,263.3629639,271.5516092,59.98550575,nan
103,384.0175239,695.1453448,458.170468,652.3382759,466.3493103,615.1894253,131.0228046,1037.442414,276.1021464,728.5799282,0,49.3948046,15.36077586,51.80999042,23.22724138,0,22.6912069,17.87942529,50.04271757,99.02483169,18.75392694,13.3309688,48.39434483,57.98229064,3.728275862,7.536206897,14.61482759,61.38822906,13.68333333,34.46558621,13.05545019,39.77141954,292.1413054,349.9835057,43.70912644,nan
104,489.831924,755.5013362,518.8132759,649.0159113,458.7762069,586.5116092,139.9142529,1100.696034,283.3038787,847.4315144,0,50.82295977,13.76788793,65.16846743,22.53896552,5.309517241,47.16310345,48.46850575,72.12857471,121.8832011,20.83807029,19.56330255,77.0791954,70.7423867,3.351724138,7.615862069,7.817126437,71.3458867,25.15470115,87.02604023,7.227911743,54.81397126,386.2227997,378.6378161,64.10515517,nan
105,585.3866581,753.5348922,528.6322167,646.463202,571.4325862,640.1848276,77.63813793,1246.657126,285.1749502,868.2795172,0,48.14066092,20.9656055,71.2138945,25.06137931,3.876689655,65.44172414,46.53494253,112.7763727,160.1413941,46.57774381,21.68068966,73.92924138,114.7126018,0,4.513793103,0,40.39994828,36.22873563,73.02436782,15.07075549,127.1057989,520.9221429,540.5953448,56.36913218,nan
106,684.2021839,705.446875,503.7164286,609.5696059,709.0906034,664.1141379,77.28799425,1150.377644,275.4217516,730.9031437,0,35.86223563,12.0812069,66.59133826,23.22655172,0,82.51913793,38.99775862,91.07385878,177.9405419,25.83990009,20.25656814,70.62704598,158.437734,0,0,0,30.81545977,45.48085057,67.38448276,23.13951899,146.249069,557.3237356,536.7357471,46.44535057,nan
107,684.6879648,792.1683621,581.8013793,402.6095567,721.0290517,611.4164368,58.00114368,1177.822989,248.7673929,841.9016724,0,45.61958046,10.21477422,81.85583771,17.30137931,8.036413793,116.6260345,32.21356322,71.21034401,177.3244828,36.93239979,16.7128633,81.96428736,155.7757143,3.477241379,10.55862069,15.75126437,35.30474261,33.62804598,42.86813793,17.37724849,134.7577701,558.7030296,540.3937356,41.13673563,nan
108,604.0153296,697.5017026,480.6418227,643.7032512,717.2075,697.8991954,89.38501149,1158.357931,276.7091094,787.3495374,1.687448276,40.76774713,12.0812069,78.41864053,27.21034483,1.938344828,98.79241379,40.44948276,81.46308539,177.799803,41.89422437,34.36119951,76.37374713,147.6785222,8.442068966,9.146551724,29.68011494,111.4428387,16.95183908,55.12751724,13.2528139,141.5183333,596.0505501,510.1223563,45.79916092,nan
109,629.4038352,584.2977586,373.9982266,677.0766502,685.9165517,682.2425575,174.3814368,1106.222069,239.0022809,881.9569727,0,48.77132184,14.86118966,92.93015216,18.19275862,7.035051724,157.9136207,29.1083908,117.926266,179.2576847,55.49452918,21.73841379,94.93895977,127.9425895,2.234482759,9.106896552,7.875632184,126.7832882,16.00172414,53.00505172,2.02137931,81.51767241,418.3442611,438.1109195,47.02052874,nan
110,608.1732031,627.0510345,391.2561576,689.6670443,635.2607759,660.0781609,149.2825575,1104.681782,271.035884,674.4590244,1.687448276,60.31677011,22.41128695,102.6241824,21.96862069,5.831310345,102.177069,31.1,120.7735632,178.0281773,27.78252848,25.27025616,77.14943103,139.4718144,2.234827586,3.062068966,19.48448276,76.96958251,20.72881609,63.24675862,9.630397783,82.77187356,451.2033087,394.321954,71.6091954,nan
111,605.7782112,632.3670043,408.9263547,625.5581281,716.1516379,694.8067529,131.4826782,1073.397184,256.3511479,845.6648779,0,35.82281609,16.96722783,68.97128968,18.19344828,1.938344828,102.3156897,32.2262069,102.5916256,179.174335,33.44090383,31.25614984,99.88618966,137.7804433,5.467241379,9.027586207,22.48425287,119.8307697,19.59988506,38.82337931,9.012999453,107.5205805,447.3144089,466.9304023,49.29425287,nan
112,669.8630072,642.1325431,374.1708867,470.8414286,673.6480172,625.5956609,143.6600115,1168.036322,235.9676043,739.7608937,1.687448276,66.35079885,15.16182471,108.4079413,14.05103448,1.938344828,67.82293103,25.62609195,113.5136453,179.2002956,37.58673014,22.32873645,76.27905172,148.754532,5.215862069,7.575862069,27.3891954,108.0479544,23.90695402,35.75160345,10.12831897,105.4551782,462.1803202,440.3991379,42.60463793,nan
113,678.6953798,545.8117241,258.9405867,365.0546305,682.7833621,549.0024713,111.5831322,1105.730862,215.5969928,953.9760948,0,51.26436782,11.69551724,104.9877025,18.35,3.876689655,40.11672414,24.14109195,84.32706076,179.289064,50.97832294,28.74132389,89.55237931,170.7913793,8.072068966,16.18689655,19.63057471,120.1062685,27.16913793,47.63746552,9.73932266,97.19671839,350.449023,400.4605172,39.91334483,nan
114,575.3166304,600.3526293,338.9876601,502.1499015,642.9530172,542.95,121.7828391,1040.998621,214.0120767,849.3489325,0,42.99033333,14.13908046,93.76679803,20.91896552,8.832362069,54.31758621,39.42436782,78.38965517,179.8479803,25.97152709,21.61480296,93.72005172,173.5873892,3.477241379,15.07241379,25.44954023,98.75063629,23.10106322,28.6321092,11.98192666,81.73163218,410.4337849,429.8456322,36.48787356,nan
115,680.1516284,601.9651724,468.6165764,688.5612808,692.7075,686.0906897,81.26538506,1144.69477,173.1154938,789.9478204,0,40.5487069,15.06642241,125.4734179,30.82827586,3.876689655,146.1763793,47.89551724,130.7183448,179.1166995,53.60335514,29.90214696,90.56542529,159.1263547,3.106896552,18.01551724,19.80609195,117.5479499,16.02805747,26.81434483,3.666112853,71.59409195,572.3372824,487.3136207,46.58105747,nan
116,674.6812069,765.7311638,615.1989655,452.315468,731.0814655,584.4585057,79.87044828,1204.735287,249.131258,863.7030172,0,22.22074713,9.357768473,88.50291776,27.94413793,5.364689655,92.45431034,51.43781609,105.1481034,178.6970443,42.67944297,30.13015722,99.16336207,165.1782759,5.34137931,9.027586207,21.50798851,146.1176786,27.04074713,49.36514368,16.24259195,105.9947931,538.8648522,640.0089655,46.86233908,nan
117,666.9792672,678.6226293,676.9180296,415.603399,724.5363793,606.2645977,49.84091379,1238.921897,212.5306258,774.0608721,1.687448276,25.83345977,10.06767241,119.2147578,38.01172414,1.938344828,178.7403448,61.65448276,100.547032,178.1977833,37.53231975,25.90360345,98.04756322,177.1042857,6.829310345,16.60344828,6.768390805,108.3513916,29.2456092,29.64356322,18.3433076,127.8145287,457.0443842,768.1897701,32.7439023,nan
118,702.0092921,743.5507759,343.1397783,478.3601478,727.5549138,547.7641379,42.55715517,1153.327241,196.3229422,877.1841968,0,28.82844828,4.027068966,64.42053161,36.75344828,3.876689655,178.1332759,48.77011494,94.20578818,179.3455665,35.80794289,23.48237192,83.44013793,173.9797537,9.314827586,15.07241379,23.74425287,125.0261084,36.76178736,54.25139655,17.17763136,114.2200345,613.5986535,454.5926437,43.88808046,nan
119,474.2651418,581.9247845,184.6378762,171.0957143,671.2887069,414.1386207,102.8737931,1087.068908,143.0451976,661.2127816,1.687448276,27.43810345,2.013534483,71.80075807,55.4162069,7.753310345,161.9674138,56.30517241,72.03213465,178.3007882,32.51324271,29.20458744,71.08878736,172.5895074,2.36,7.536206897,17.86655172,116.1817184,30.21025287,36.66478161,5.314640015,102.3612241,406.3386125,348.137931,21.33103448,nan
120,259.2189806,260.9806897,92.7560096,77.95385222,465.0477586,189.4225287,50.46778736,698.2609195,99.13773519,326.3962069,0,7.687586207,7.057561576,52.6475561,13.15965517,6.912293103,163.4227586,21.18189655,35.78496305,98.62050411,15.68888916,23.26707923,56.72905172,129.1522167,2.856206897,6.005172414,1.99816092,71.24961412,3.049252874,9.17062069,5.721344828,41.20767241,184.3944499,217.2721264,22.40835632,nan
121,185.15429,190.1542079,51.81006734,36.37515271,265.0971264,109.2026437,62.89344828,488.6608046,62.13747456,224.7515431,0,13.65462069,1.772844828,11.50201533,8.650689655,0,60.61913793,5.368850575,23.06158456,83.39717323,13.55978848,21.3431835,25.81025862,94.11050903,0.62137931,0,9.815287356,63.02993842,5.42316092,0,3.745172414,17.72300575,122.0347414,145.3148851,10.31103448,nan
122,115.9515315,123.8845862,35.23830876,41.09522167,219.2546264,59.49752874,42.8158908,334.3377011,44.99088403,173.2671048,0,8.393448276,0,9.891499042,1.625172414,0,43.37896552,7.545804598,9.975369458,22.78190887,0,5.348596059,8.961224138,58.85820361,1.117241379,1.49137931,3.937816092,34.80387726,7.560114943,7.942344828,3.074376658,13.13456322,80.11235057,100.8899138,3.555172414,nan
123,80.57417255,165.4586903,80.78771591,203.7390148,110.6478448,101.4922701,52.55366667,218.9333046,62.78844417,228.5475172,1.744758621,20.9082069,14.97880172,20.93683429,6.133793103,2.237931034,4.925862069,9.796666667,3.975763547,10.7105156,0,7.956112069,16.41827586,12.0949491,1.73862069,8.987931034,15.8062069,9.099950739,12.96625287,11.89634483,3.828746082,8.089,118.5456034,108.2166609,24.8862069,nan
124,128.2742373,499.0724569,235.4202508,656.836798,155.244431,492.4591092,126.7332759,455.405197,126.2612626,690.2786767,0,56.19375862,15.17932677,41.10497318,12.42586207,3.876689655,13.715,25.00850575,23.59928818,13.8914023,22.50771994,18.64234195,33.95227586,14.24758621,6.954827586,27.64103448,11.81344828,18.24897783,52.8648046,57.08951724,5.653241379,17.83255172,264.3871264,134.5575287,40.90677586,nan
125,151.1257088,623.0850216,393.2995813,623.6448768,210.3343103,557.5706897,74.55927586,629.7107471,173.429329,605.3535733,0,41.34175287,20.28840517,22.30201423,5.766896552,3.876689655,7.566551724,16.95597701,11.88519704,26.49885057,3.577931034,5.480818966,31.04501724,39.38200328,2.36,7.496551724,10.15,48.35497824,13.93770115,51.79895977,4.042758621,42.84605747,293.7401478,227.6518391,48.71247701,nan
126,345.5967299,782.9986422,455.9168719,673.9008374,353.7553448,532.0301149,122.4094828,995.6106897,261.2480551,771.4263937,0,45.43985632,8.054137931,29.5176419,7.025517241,0,27.63448276,15.52913793,44.28654598,52.73873071,16.87837593,9.816791872,62.35675862,38.33899836,7.450344828,15.03275862,21.57034483,52.16459975,16.37235632,27.6885,5.627300493,47.51838506,322.1254844,287.7035057,49.23725287,nan
127,556.3000192,717.9393966,570.489335,588.9902956,510.197931,541.2914943,114.9376724,1140.216954,290.1124734,727.9630216,0,54.14258621,18.99631404,45.59008621,5.4,3.876689655,16.53103448,27.7183908,84.67477586,68.30067816,26.4035458,12.38953202,71.84324138,121.6515731,9.189310345,10.71724138,25.50804598,62.96432677,23.73683908,44.2487931,9.20201781,47.98425287,544.8883744,364.2635632,59.24887356,nan
128,611.6875479,761.6695259,623.0151232,607.2611823,569.4578448,614.1962069,96.13036782,1229.256782,288.3637472,812.8302313,0,46.39126437,17.31409483,68.12961795,24.32689655,0,43.54275862,35.34597701,67.71892939,131.3027209,14.09247863,10.57503695,61.27131034,102.0935878,5.837586207,16.5637931,28.04103448,72.42794745,16.50981034,30.59822414,0,54.03170115,449.2549179,462.7094253,62.87564943,nan
129,604.5623563,745.8858621,596.53367,603.4393103,597.0044828,577.5918391,65.69012644,1182.685115,246.3674333,836.6082241,1.687448276,54.90431609,10.88864943,72.49208402,21.0762069,5.815034483,89.78775862,33.98643678,90.3297619,160.4782504,42.06020614,17.03397783,57.83455172,127.375665,4.099310345,3.022413793,5.877471264,100.515195,47.45115517,53.39324138,26.44738329,70.1688046,554.1162397,544.6718391,40.59424713,nan
130,661.3402054,662.7564224,630.8398768,578.68867,653.747069,670.5915805,60.65053448,1237.641412,299.4700889,783.7443807,0,55.76211494,19.97883128,64.79581897,25.58551724,9.691724138,116.5891379,49.46321839,88.48291872,178.6204926,40.58477548,22.45072865,74.30417241,180.6960099,0,4.553448276,0,69.08750411,48.69195402,79.29772414,22.74505415,95.69877586,542.0654926,612.4561494,37.1692931,nan
131,639.3823047,703.6292241,595.1494089,505.6411823,731.5410345,676.6797701,52.41433908,1126.062874,296.5351401,736.723908,0,47.69664368,16.74900862,89.69536125,18.92689655,7.75337931,126.6562069,21.51344828,53.91366667,179.3205911,27.410907,12.14965517,83.49724138,170.9949261,2.36,6.044827586,8.962413793,45.67924795,25.59775862,54.91710345,0,161.3511954,544.30422,618.8093103,34.88292529,nan
132,629.6189982,642.1102371,528.9047044,625.042266,731.1793103,722.0678161,58.42410345,1228.200575,289.9756679,867.074204,2.208103448,31.21902299,17.52521552,140.1175048,11.53413793,10.92665517,164.6774138,38.86051724,71.92856486,179.7544335,33.6082875,20.11882594,86.95462069,173.1870936,9.189655172,13.62068966,43.08068966,102.8887787,17.76327586,35.31913218,12.38847467,100.7810575,635.9654105,528.4463218,55.39638506,nan
133,645.9100843,629.5637069,421.2714286,640.9281773,689.1698276,730.2,81.51763218,1222.765287,267.975679,689.7811034,0,34.27286207,18.31539655,82.57535714,16.56827586,3.876689655,152.7401724,28.18482759,94.34960181,182.754532,43.04455773,17.32609811,68.93996552,171.4158128,8.197586207,7.575862069,23.39298851,139.9670382,15.80854023,28.95575862,7.047758621,91.5594023,442.7630706,509.8688506,39.221,nan
134,646.219659,672.978319,405.4286946,717.7334975,686.1325862,703.5294253,95.14447701,1146.00046,240.4274875,752.0060359,0,40.05744828,13.30862069,110.3298534,12.26793103,3.050689655,110.7027586,27.9062069,103.0343465,179.3141379,39.24164681,19.46097701,95.96203448,174.7259606,2.36,9.146551724,23.56850575,132.4752241,13.21997701,14.02082759,14.70197384,69.25302874,451.0208292,501.9152874,63.97251149,nan
135,659.8574239,741.6548707,417.3843842,635.3548768,653.8701724,653.5147126,113.4981839,1136.041897,278.687982,745.2804612,1.687448276,34.87370115,16.37985222,66.95734674,9.175517241,11.71356897,82.90034483,36.05143678,84.82015271,179.2004926,29.38219256,23.92211207,86.2522069,172.9575452,5.837241379,7.496551724,25.14442529,102.1874187,11.85189655,34.29434483,16.87715326,65.39408621,483.2328654,509.9670115,54.78282759,nan
136,706.0753724,779.0242026,394.6634483,593.1144828,648.039569,604.1957471,75.56250575,1208.375575,314.1549895,852.5135129,0,38.39489655,13.69544828,98.72918322,8.283448276,6.993672414,98.98310345,19.69022989,80.19940887,178.4301478,24.14171161,14.29010057,70.5062069,171.5227586,12.54172414,12.01034483,26.05287356,133.7496613,22.37481609,33.6937931,10.46204707,89.85931034,452.824491,477.3463218,33.80493103,nan
137,661.158908,690.4518534,328.90633,508.6793596,706.7185345,536.7551724,146.9392816,1114.378161,264.7633506,870.9109468,0,42.15309195,12.21529146,98.12690134,4.875517241,1.938344828,45.44155172,23.27344828,68.30489327,178.4862069,27.26225662,27.36284893,64.37409195,170.9336453,15.77448276,21.19655172,35.26494253,117.5380078,37.01916667,60.021,19.7633711,89.39788506,407.7245731,379.0859195,46.00841379,nan
138,693.6025669,616.8298922,442.3223892,528.0650739,711.7138793,588.2653736,94.81754023,1153.395632,242.6282135,865.4726638,1.687448276,46.36786782,11.62143678,85.03983238,10.40137931,5.815034483,64.35603448,41.13643678,84.30475369,156.8895156,29.42892383,32.75569951,94.49352874,169.00289,2.98137931,16.68275862,28.15666667,123.7249569,33.17145977,34.84012069,6.292126437,100.5439655,471.4519212,469.0368391,44.73914943,nan
139,679.4947789,644.8518319,532.2303202,612.2319704,726.8800862,717.8265517,85.24946552,1240.609253,204.3631143,839.7066695,1.687448276,36.03994253,13.85589286,97.52229776,12.4262069,4.245965517,87.73775862,36.30132184,89.3118555,179.3747783,31.45809771,23.20231527,86.25551724,173.573399,6.333103448,15.03275862,27.30862069,116.670312,16.12149425,32.55318966,6.013891626,103.2503218,577.528555,532.1683908,43.87058621,nan
140,814.4110345,638.6055819,712.5735714,434.8961576,732.8247414,714.672069,44.96891954,1254.550057,203.4435815,786.6004569,1.687448276,29.76244253,9.250012315,101.038886,26.32,8.822275862,84.69689655,48.34551724,83.0504647,179.2996552,57.292635,13.12952586,86.05131034,174.7575369,2.98137931,12.16896552,31.38563218,114.8132044,32.07264368,30.45762069,23.91652575,117.7806667,541.1083333,687.2317241,31.41626437,nan
141,461.4742014,614.7672198,665.2542118,407.3616749,716.8305172,687.123908,38.31298851,1095.914195,202.8347621,859.3505445,1.687448276,31.76744253,6.795155172,110.8218227,25.42793103,1.938344828,220.0918966,54.13522989,89.01620033,180.3971429,45.27972704,25.25844212,80.63712069,169.632069,3.477241379,22.56896552,13.8116092,116.4965025,23.10741379,18.47593103,4.018300493,86.94613793,432.0215189,724.2182759,36.33416667,nan
142,587.4012099,666.3043103,545.3665764,415.8005911,729.5131034,666.3841379,48.50624138,1188.538333,189.247014,852.973056,0,45.03100575,9.56441092,149.9349808,32.24448276,3.230574713,152.9932759,45.47517241,73.42904269,179.4838916,43.62724098,20.19546798,64.91126437,173.5732512,16.01896552,10.55862069,51.54321839,130.8711638,30.7983908,43.27277586,11.19207882,103.6949253,668.5403612,532.4050575,39.48317241,nan
143,632.7189732,547.434569,198.3998276,192.8318719,707.620431,587.3477011,100.4311782,1059.93069,178.397282,746.0878951,1.687448276,54.69616667,9.295195402,99.86700479,40.00448276,10.33485057,149.7022414,88.70367816,48.9095977,110.8641544,23.37458498,23.29985837,59.10886207,54.29724959,9.315172414,7.575862069,24.49448276,154.1006897,24.96224138,25.61989655,14.47158251,77.68131034,432.1395977,444.5027586,37.64912069,nan
144,498.9588103,406.8372055,117.8583294,76.17289984,584.2715517,265.3535632,89.2117931,929.006954,126.7230754,523.1473333,2.807413793,32.46764368,4.027068966,60.26984674,20.55241379,0,138.897069,45.27333333,49.14640394,70.01986043,28.79489898,26.23353654,48.24182759,76.6164532,8.072413793,10.47931034,16.66258621,126.7866277,7.246091954,18.67575862,3.993842365,49.56876437,335.8285222,287.6768391,28.51955172,nan
145,322.7440309,340.4224353,81.23724186,57.27916256,449.2872414,189.4514943,46.42261494,715.1071264,69.48966128,395.8813333,0,7.998,0,47.4554855,10.64241379,0,88.28948276,12.76471264,16.87600985,77.80610016,9.002227011,9.830738916,20.94855172,69.65448276,5.216206897,4.553448276,5.877471264,87.08526519,3.971494253,9.260344828,0,43.28406897,128.2251478,179.1393678,20.78962644,nan
146,168.9190974,229.6967672,77.60051016,64.64374548,272.9436207,114.4613218,52.86134483,503.8595977,51.8481421,233.7843103,0,11.2934023,0,29.22625096,2.516551724,0,90.385,10.73770115,13.93315271,72.10205255,3.505229885,4.465833333,18.00522414,57.77477997,1.73862069,6.005172414,0,59.79268678,5.957241379,11.90082759,0,15.7947931,114.8443966,154.0216897,17.77586207,nan
147,109.4123447,238.4101078,97.58025588,233.4938424,198.0152586,151.4589655,56.32451149,334.8090805,73.76463937,257.6351264,0,18.55956897,3.573724138,19.382448,4.141724138,0,21.13689655,8.939655172,7.538551724,19.87203448,7.051243469,8.438158867,20.93218966,29.64711823,2.981724138,1.531034483,9.132758621,31.84603407,16.57402299,17.09137931,0,11.23572414,109.0738908,109.4874713,8.942356322,nan
148,112.0096964,483.2811853,227.8521716,675.2080296,148.9206897,440.698477,112.8984483,445.9214039,138.1418095,785.6377443,1.687448276,37.7448908,11.21853448,8.761034483,11.90137931,0,13.02534483,19.66482759,19.05899836,44.65180788,27.06183681,10.73435345,41.267,11.56351396,9.314482759,19.46724138,42.82482759,26.3464569,31.51264368,51.96448276,10.38066502,9.363258621,281.3047783,162.3017241,52.94199425,nan
149,189.6689452,617.1651293,403.7761576,696.0355172,253.7041379,608.9193678,74.38441379,726.6948851,230.7084897,743.6820201,0,57.80790805,24.14515805,33.48957854,16.93517241,0,36.02810345,15.01183908,28.6642734,25.74006076,14.39046731,3.486083744,32.72662069,48.32946634,2.234482759,9.027586207,19.61327586,48.87662356,20.21934483,33.28082759,9.134938424,36.28887356,343.8713711,238.6891954,46.80916667,nan
150,393.6617295,728.1375216,503.1546552,632.3482759,350.2083621,618.1117241,114.9152299,1002.03977,264.5304277,773.5874095,1.687448276,43.83833333,5.558066502,25.28125958,9.908965517,1.938344828,44.10586207,30.92574713,45.4767734,62.4507225,8.352680371,5.630275862,51.83844828,78.95107061,4.594482759,13.58103448,22.37367816,60.68649425,14.62140805,36.35431034,7.714162562,28.54108046,320.2451067,289.9635632,56.02597126,nan
151,562.7339913,739.0914655,578.982069,641.7345813,516.1706897,577.1161494,88.43308621,1087.346437,288.4403746,845.8979497,0,46.13686782,12.4575,65.3614751,14.41827586,1.938344828,40.0487931,25.05908046,73.35585386,89.40557635,26.05233149,16.27361823,68.9457931,75.25930788,10.30689655,13.54137931,19.57206897,73.85155993,25.46288506,39.37436782,2.02137931,47.72662644,474.293514,393.8238506,45.97950575,nan
152,560.2768785,803.7021983,557.8734483,632.8893596,501.5392241,553.2226437,81.3237931,1258.489655,271.2506389,814.8698261,0,36.93949425,22.63538916,74.00878216,10.64275862,0,49.84362069,24.62931034,71.31706897,127.4874138,25.51442671,20.26674877,71.14768966,111.5830279,7.576896552,13.50172414,32.15442529,69.59370033,16.52183908,29.17060345,8.921369062,38.36672989,472.0066174,497.2379885,58.53024713,nan
153,648.0653561,748.8565086,625.2136453,542.9003941,659.5928448,624.0749425,56.29361494,1194.818966,282.3036372,833.3994899,0,64.6995,16.46983046,73.06079912,17.8262069,0,66.55568966,30.23183908,78.65546798,154.5871412,40.58708024,12.95543103,72.21110345,147.5230082,4.09862069,12.05,17.74942529,130.4150369,22.11271839,30.79537931,9.909964398,97.22745977,518.4657061,580.1149425,42.62826437,nan
154,586.3001392,665.3823707,653.3162562,483.6894089,661.230431,689.9108046,35.70770115,1179.027586,273.0641308,771.9657299,1.687448276,55.32235057,6.040603448,83.40296442,17.30137931,6.854793103,110.4494828,43.72195402,104.713087,177.7535961,49.34279078,23.13246511,92.03724138,152.9923645,0,0,0,78.23385878,38.69752874,58.21497701,17.56638398,88.61805172,568.6270443,676.8733908,35.00233333,nan
155,488.8631275,726.6535129,625.6531281,520.2828079,713.9758621,644.8925287,45.35858621,1133.688448,249.7643926,672.5745733,0,45.0254023,24.56855049,76.13291886,12.42551724,4.775931034,129.3044828,26.84471264,76.62198604,179.4521675,16.18783639,5.883189655,70.49606897,180.9937438,2.855862069,3.022413793,7.992643678,49.13572455,40.99168391,43.47322989,8.685354722,142.7964253,536.1924466,673.1677586,35.56108621,nan
156,659.3600065,716.646681,547.254335,538.204491,694.9639655,649.0851724,61.59531034,1251.296379,259.5051323,699.6833233,0,34.62353448,24.22523235,117.8837671,21.81103448,3.876689655,121.2615517,23.72017241,70.64553366,179.9316749,38.68669963,10.11263136,49.166,169.0506897,7.576551724,6.044827586,37.24068966,82.58894622,20.72536207,41.72517241,11.15619564,154.5085517,587.7599179,592.6166092,39.08133908,nan
157,658.4090343,772.2206034,480.9042118,639.6647783,664.7568966,624.1135632,68.04123563,1168.771264,297.03987,680.5691537,0,56.85836782,19.98232759,70.94099343,20.18482759,9.691724138,164.1705172,35.41965517,86.48381773,176.4059113,35.07479743,9.068135468,79.37532759,166.6580788,6.829310345,9.067241379,29.44586207,129.0378571,5.884942529,20.58474138,6.812623153,102.4931897,474.8819951,508.0875862,56.60956322,nan
158,636.2887524,722.8522414,511.3298522,696.4673892,697.2783621,643.3952874,82.84028161,1194.216667,286.8584016,838.2410704,0,41.51476437,20.60358333,102.1687165,11.16724138,6.804793103,125.3839655,28.63011494,95.58536946,177.4445813,26.60007182,27.37082307,68.09476437,172.8931034,8.81862069,15.03275862,39.55402299,136.4938793,22.41405172,24.76836207,8.462182645,78.71262069,514.0365271,472.7994253,47.88612644,nan
159,668.7956806,727.7648276,433.3430049,634.1499507,490.7207759,636.9701149,89.06536782,1496.880805,288.072591,886.2066925,0,29.79201149,12.93694253,67.91894294,7.392413793,0,94.44310345,32.73178161,104.2280213,179.7468473,40.0495236,20.36156404,68.37593103,177.9064532,6.458965517,12.08965517,17.92517241,134.9388547,28.55504598,51.50465517,9.399724138,99.62726437,475.2280049,468.772931,39.5993908,nan
160,705.1195738,912.7953879,384.2307143,520.0486207,679.310431,487.0057471,112.9657586,1273.658621,303.8860675,768.0120977,0,52.21794253,26.04429926,81.24159059,13.31724138,5.815034483,60.80482759,36.10057471,99.60944581,180.7855665,25.48084188,19.30368103,80.53937931,164.806798,8.071724138,17.97586207,24.63310345,133.4619992,19.8648046,29.2242931,7.407827586,99.13228736,446.7853448,460.9036782,66.9382931,nan
161,660.8840996,668.1636638,360.8461084,463.4550739,671.1474138,571.9940517,118.1208391,1119.951264,253.2580948,868.7522644,0,59.02936782,17.85143103,120.7183151,11.16758621,3.876689655,73.70810345,33.08109195,85.78095238,171.2678489,20.69664991,11.73662562,87.56027586,151.5857471,9.685172414,16.60344828,23.62689655,142.1337845,16.27385057,37.6567931,2.02137931,70.05976437,419.6824302,450.4085632,65.35215517,nan
162,731.2674376,642.4729526,421.9944089,563.7551232,684.0187931,671.6222989,126.9158736,1189.05023,240.9948827,861.9214756,0,50.20163218,25.26905829,136.8826571,16.41,4.807172414,75.79310345,30.41517241,72.16769787,141.7613013,40.93600152,24.08619212,83.7388046,167.0317241,8.323103448,12.05,31.54275862,141.5633128,17.69097701,28.04005172,0,83.78118391,462.4164778,510.21,51.74295977,nan
163,604.9693037,682.5763362,548.3096552,584.0345813,712.5775,721.2078161,66.22406897,1230.578333,228.4519731,722.2161853,0,42.54793103,17.5103555,144.6726593,21.81103448,7.107264368,118.8165517,33.84241379,97.89422989,178.1315271,16.75514036,38.80733374,78.52441379,171.2144335,4.098965517,8.948275862,25.33252874,114.7418411,26.31856322,74.47491379,5.662376176,96.37372989,592.1931609,557.0425862,45.01821839,nan
164,664.8785491,617.1482112,630.1236946,483.8015764,707.1918966,702.4606897,69.04165517,1182.562816,221.6699281,814.0789928,0,48.36186207,6.256465517,125.3436787,16.04241379,5.815034483,103.525,50.10597701,91.89997865,178.0616256,48.57901127,36.21813629,90.49177586,176.0096059,5.837586207,13.7,23.68551724,125.7892611,31.58965517,31.09372414,5.845101881,162.3630345,499.5026765,710.3535632,48.35174713,nan
165,553.1191098,636.6690302,657.7333744,416.5136946,735.6217241,700.6656322,50.93314943,1110.267874,191.7091877,722.8152026,0,46.51288506,13.19302874,93.88777025,28.99448276,7.084362069,106.9743103,50.60454023,99.47344828,177.8723153,34.48559605,33.37471429,64.72982759,178.9340887,5.341724138,16.52413793,24.14655172,140.2638793,29.84881034,36.19065517,14.93725068,116.9422184,463.6,806.2186782,43.39008621,nan
166,626.4622797,638.8301724,316.6077833,481.6158621,731.4293966,699.5656322,76.86978736,1106.672874,179.8973954,784.1716135,0,46.6358046,19.49935509,131.0867132,29.88551724,5.815034483,154.4618966,38.40442529,83.4020197,179.8151232,25.86235104,22.48758621,60.5782069,176.6848276,5.341724138,18.2137931,29.89114943,155.1269438,13.82793103,28.74282759,8.882179803,121.7764368,640.6112151,540.6066667,25.40768391,nan
167,669.3176225,418.0307759,190.1573112,207.5566502,734.9525862,631.477931,101.5109195,1059.695057,161.1197292,798.4124368,3.374896552,61.45201149,22.93744089,119.8949138,51.74827586,14.86064368,184.2268966,61.08701149,60.78228243,178.6530049,26.40173632,11.28767036,48.72162069,173.7848276,7.701724138,18.01551724,28.68103448,142.5804741,22.07982759,41.4665977,3.472241379,82.88641954,441.5348933,383.2667816,35.59718391,nan
168,354.5214104,270.226245,115.6600967,87.99827422,633.4892241,364.2426437,66.42012644,820.6394828,85.27104741,437.0418621,0,14.26252874,0,72.59568008,9.175172414,7.02212069,156.1191379,23.29977011,36.41765189,119.4523686,17.40848617,15.75032841,52.71358621,75.05866913,6.459310345,9.027586207,35.06574713,99.5450821,12.43442529,9.916482759,3.721748768,71.85054023,289.607619,273.6695977,1.777586207,nan
169,332.4220316,145.4283221,47.64463589,68.4950197,550.3132759,226.6656322,75.59833333,698.3227011,91.14590186,264.496092,0,9.609482759,0,19.26644157,1.258275862,0,106.1687931,12.51045977,10.29669951,110.2300386,11.78497679,2.014784483,30.71284483,97.57074713,6.45862069,4.513793103,11.87195402,141.0939089,1.985747126,15.26717241,0,40.39102299,197.1656897,182.3892529,15.62939655,nan
170,205.4376596,104.555516,56.81362366,59.11133005,315.3937931,114.4582759,54.41587356,389.2625287,51.31424272,180.5051494,0,11.53137931,0,12.23056992,2.883448276,0,34.05568966,3.570804598,10.65696223,24.33840394,3.336656217,10.12009852,22.88813793,55.74053859,1.73862069,1.49137931,13.06298851,74.9109023,3.971494253,1.770172414,0,27.77962644,80.20818966,110.3812644,11.87045977,nan
171,54.63533286,167.1487524,137.220927,209.9440394,141.1092816,159.0353448,39.30224713,258.8058621,47.94005021,223.5741609,0,22.77372414,4.255172414,8.74908046,3.250344828,3.289568966,5.581206897,10.98264368,3.975763547,3.662252874,9.689533599,9.953830049,7.84137931,5.689655172,2.856206897,9.027586207,11.99517241,42.97381117,21.57162644,49.50331034,5.915066313,13.96102874,100.0349713,115.2515805,11.00755747,nan
172,97.41499554,450.8905172,274.1024631,654.0621182,166.2783621,452.5576149,100.4425862,442.0595731,133.0883304,706.6267816,0,46.73655172,8.054137931,19.97563218,13.31655172,3.876689655,19.325,26.99298851,19.64423645,17.42933662,20.76972576,14.39315476,41.3897069,36.87954023,5.962758621,16.5637931,32.07022989,9.142506158,47.08310345,43.13222414,13.89192911,67.6838046,174.0488629,173.7987356,16.05270115,nan
173,162.0576654,604.5027155,275.0102956,699.9182759,266.2029138,579.0705747,67.57977011,649.2156322,136.6749234,700.705375,0,41.40752874,6.040603448,48.84514943,9.908965517,7.268275862,19.27224138,21.42494253,29.44277094,28.62569951,14.37391347,21.23672619,25.01493103,51.17314039,7.450689655,18.17413793,23.02390805,67.55553161,17.97905747,39.64933333,6.470933687,66.37684483,271.9568227,223.951092,36.72582184,nan
174,262.0146383,640.3529957,497.1002956,630.5485222,350.1585345,638.0835632,85.14448276,814.6078161,223.9811935,663.1162744,3.374896552,52.53672989,27.51728695,47.25979064,4.875517241,2.721517241,40.08758621,17.89206897,36.95103941,38.1277734,21.78934061,13.73348276,56.28289655,74.5076289,1.864137931,6.292413793,25.18994253,78.7656601,19.89570115,40.59575287,7.469482759,34.65267816,378.0325616,271.3344253,60.06309195,nan
175,400.9717249,623.1737284,445.8667734,617.2123153,530.8325,650.2021839,90.68658046,1094.067989,221.5263395,695.8651954,0,47.04666667,18.70293103,86.57445484,22.33482759,3.876689655,31.95758621,22.29,81.22310673,85.83838506,12.56168656,23.87611658,68.97798276,83.07994745,8.693103448,17.9362069,16.19063218,82.1197303,9.747931034,31.91698276,7.390896552,42.9070977,411.3291872,331.1795402,52.68577011,nan
176,385.6317713,658.2625,445.9030296,704.9802463,622.7890517,663.0177011,74.22486207,1019.735287,203.0419715,766.5696221,0,36.51603448,11.83433908,76.27130774,20.91862069,1.938344828,44.48672414,26.81931034,80.88543842,133.6271412,29.11355438,18.12875,86.49102299,142.5449425,9.81137931,16.64310345,34.6158046,82.98289245,21.93988506,33.42158621,16.47286093,47.28416667,469.475156,390.1195402,34.41574713,nan
177,501.6952425,627.8296983,460.559335,706.1837438,661.4730172,739.3237931,93.63542529,1092.437011,245.9966092,925.0880029,0,59.84131609,20.58887069,52.00921935,28.99344828,0,102.2858621,37.80413793,114.383514,145.3376059,47.67297373,12.96695813,98.54024138,168.6768473,2.36,18.17448276,37.53091954,129.4440127,20.61436782,58.28554023,9.017680251,88.93022414,470.1165353,472.8212644,40.64152299,nan
178,554.486574,719.7900647,401.4557143,736.0896552,658.1824138,648.4497701,115.4055517,1203.988391,225.0203176,859.9131739,3.456827586,42.38502874,23.53026724,91.11401341,25.21827586,3.876689655,111.9389655,48.77787356,109.895312,177.5748276,43.92310648,30.74893719,109.9614828,166.7395074,6.458965517,14.95344828,17.74942529,126.8970567,20.2271092,38.68922414,9.007599469,91.75000575,518.6713711,499.8272989,58.88931034,nan
179,553.5545695,679.9029957,431.9634975,656.7237438,693.9132759,613.4932184,125.7555172,1244.81908,238.9104852,860.3814583,0,54.44810345,17.50240148,69.51762726,25.58551724,7.107264368,150.2456897,33.45350575,93.53612479,178.9071429,36.31625034,25.1954766,102.1047816,166.9739409,4.594827586,13.58103448,41.20103448,132.5986868,9.892586207,27.65184483,8.199608374,95.21155172,492.6317898,477.0286207,50.18854023,nan
180,544.9719146,636.9809914,422.400936,564.97867,711.6406897,478.6814943,73.59614943,1052.342233,206.1961068,809.7668621,0,55.97434483,10.06767241,122.1184004,34.97103448,7.75337931,110.4193103,45.41097701,86.70084975,178.8452217,44.12314545,36.87607759,92.87671264,162.3931773,6.333448276,24.25896552,33.52310345,124.844218,29.86341379,30.63643103,5.450921952,57.36928736,397.7751888,472.8915517,34.39867816,nan
181,612.9892388,530.421056,374.3247783,524.8692611,670.6437931,511.6172989,104.114069,1089.198391,195.7343311,817.6212974,5.062344828,58.45350575,10.06767241,78.3549283,39.84655172,1.938344828,128.2060345,64.82350575,124.6300616,178.0797044,46.61224067,53.30059688,85.19807471,179.8752709,7.451034483,28.57448276,33.91091954,133.3821564,17.69097701,13.96737931,5.78903605,59.57786207,435.1309278,450.548046,48.55206897,nan
182,580.368867,550.2322414,358.73133,500.052069,687.6894828,475.3793678,114.157069,1129.054253,187.5866171,839.6672989,0,54.65810345,11.29576149,80.02872605,21.81068966,1.938344828,115.1863793,51.89137931,117.3941872,180.7357635,45.89259152,42.6082303,101.7632414,174.2933005,5.467241379,18.09482759,19.17390805,116.6278284,33.43224138,33.87077586,11.92608132,37.75777586,447.0259606,456.7364943,46.94068966,nan
183,582.4848496,643.0052155,369.9617241,531.4163054,686.4415517,531.9243678,79.55831034,1017.904138,216.8494874,782.3235,3.374896552,50.99083908,14.9837069,62.45876957,16.77655172,0,99.53931034,35.96850575,108.016092,178.1466502,41.13981351,45.88601478,103.6348046,179.2862562,7.946551724,25.59137931,29.91522989,96.91928982,20.45356322,25.7897931,14.57301314,60.96615517,528.9809606,421.2422414,46.72896552,nan
184,598.7048181,593.2312069,324.1619951,401.5759113,681.8086207,533.6244828,109.0282356,1043.14523,162.9589521,875.716704,3.374896552,49.86255172,10.86103448,80.57731322,7.025862069,7.75337931,66.97155172,32.08074713,102.5982496,180.9055665,37.00304156,58.24907841,87.07524138,167.3607389,3.973103448,16.60344828,29.93977011,109.6202874,30.71382759,35.966,7.209652225,65.35315517,492.508399,472.817069,43.11886207,nan
185,622.6062261,477.9565302,270.4407635,362.2692611,728.3692241,550.3351724,111.6895977,1025.759483,146.5468679,806.2933103,0,64.34264368,14.09474138,101.3727801,10.80068966,0,41.11293103,26.81908046,70.97195402,181.2849261,55.07022534,42.12566256,91.47873563,176.9737438,8.197241379,13.58103448,43.1991954,139.7367426,32.61600575,47.21095977,13.50720936,77.13314943,462.1799754,440.3227011,46.78371839,nan
186,589.918659,496.3145474,344.6083005,443.5812315,695.6013793,496.8175575,118.8028851,1037.741782,171.4428232,854.3243908,1.687448276,60.69728736,29.50173851,115.612567,19.81793103,3.548275862,50.47448276,40.05787356,86.70628243,143.0037167,66.2263771,58.34132184,114.9716552,167.9258128,5.34137931,17.97586207,51.08643678,122.6669807,63.89666667,64.76424138,23.21612315,87.08965517,586.9589737,503.6020115,36.96511494,nan
187,602.3040572,508.3627155,416.2697537,551.4041872,724.0012069,627.8234483,106.5852356,1104.620057,161.4138694,792.3148319,0,39.36106322,15.62429598,104.2427634,36.54448276,3.388189655,58.9012069,59.3654023,117.6932233,182.966601,52.99940751,57.24333374,115.5315,154.0451724,10.30655172,15.03275862,23.51,141.2248645,20.34996552,44.59565517,14.72121511,114.2704828,517.8965435,481.0951149,58.54612644,nan
188,605.592063,534.5247845,464.5603941,646.2178325,716.0448276,627.0168103,86.30674713,1024.912644,129.5817868,816.1100172,1.687448276,30.75034483,21.53826765,113.7526054,49.91482759,10.98395402,118.3732759,66.89494253,129.2823153,178.7944828,73.80003157,38.89576478,112.6211897,173.4323153,6.333448276,22.56896552,36.7308046,137.3581983,11.76988506,30.33206897,8.079039409,88.968,609.8049754,544.5495402,39.75517241,nan
189,601.3681891,557.1828233,482.2795074,550.2385714,731.3600862,621.8255172,97.71377011,883.6448276,148.8536782,791.8236221,5.532137931,39.13766667,19.58991379,128.2615019,43.83034483,5.815034483,240.6487931,62.92344828,121.9750739,178.0663054,49.35949965,36.31260468,126.0645517,165.3216749,10.30655172,21.15689655,38.43781609,126.7363793,19.67672414,39.84453448,5.09592775,105.4198621,725.3749261,538.6628161,39.80564943,nan
190,559.7741802,566.2337931,294.702069,405.5342857,729.6912069,609.7950575,120.3254828,902.888046,119.6789305,709.951931,0,50.21341954,8.054137931,109.9753437,37.69655172,19.71739655,200.0727586,84.50632184,117.8252709,179.9703941,52.18786518,36.75328695,69.77055172,168.9693596,7.70137931,27.24172414,36.38091954,116.4109421,8.711436782,23.1811954,3.746570881,70.36542529,452.2543678,450.3832184,25.22051724,nan
191,370.0146861,269.934569,147.103598,148.3924466,711.6876724,349.5994253,85.17672414,884.8697126,125.7507439,368.2595172,0,17.82195402,13.19266749,75.15239464,36.7537931,5.815034483,204.1610345,55.28591954,43.4801757,152.5534072,39.44206861,29.42619335,59.39034483,149.851486,2.36,10.63793103,25.56666667,104.5400349,7.291218391,17.91158621,2.308152709,38.64028161,340.3896223,418.7893103,37.03591954,nan
192,215.4093836,159.0880773,110.8175744,66.97848522,498.7061207,218.2078161,57.70824713,610.8459195,101.9073352,279.5343678,0,6.661103448,0,21.51714012,10.27551724,0,136.0177586,16.44632184,21.62372742,114.9530468,12.19715454,11.22496921,37.60027586,70.04454351,6.703793103,6.803793103,15.75126437,114.1441851,0,5.303948276,0,34.75020115,179.5023481,265.6616092,1.777586207,nan
193,80.88352653,93.41023563,38.47810413,40.13496059,334.6633621,123.8966092,44.27864943,359.9476437,34.9648908,149.3260972,0,3.843793103,0,0,1.258275862,0,100.4215517,8.053275862,14.20311987,81.23270608,12.31880429,6.085043103,10.89003448,58.03433498,0,0,0,47.30365353,1.949597701,1.292873563,0,13.31887931,60.35214286,145.1318966,11.99313793,nan
194,56.38195238,59.7397553,44.25872191,28.96567734,97.63672414,57.51195402,39.85221264,192.7649425,30.30319958,99.10849069,0,11.08652299,2.013534483,3.315440613,1.258275862,0,23.43534483,1.785402299,7.45455665,54.09015189,5.497672414,3.756781609,3.872758621,5.836847291,0,0,0,6.013899836,0,0,0,9.516965517,52.30039655,92.77116092,1.777586207,nan
195,39.073048,131.9927338,112.8606248,186.8662562,56.59034483,110.4375862,37.67818966,142.9259195,22.0791954,167.9094495,0,29.78818966,6.040603448,3.311800766,1.258275862,4.960862069,6.866034483,3.570804598,14.91407882,0,5.93798939,4.029568966,4.050206897,0,0.62137931,9.027586207,1.99816092,14.3767734,5.319137931,12.49094828,0,0,67.68793103,80.59871264,14.31278736,nan
196,81.00238437,462.585,267.004064,520.3402956,132.8774425,394.8002299,58.53189655,356.456954,98.21486167,501.9301149,1.687448276,35.91931034,11.41235057,27.0154153,9.017586207,3.876689655,19.34206897,14.84321839,18.86223317,3.464045977,15.62683879,16.49734606,13.09117241,7.886600985,6.207586207,15.03275862,15.69408046,23.79187192,20.36275862,27.04677586,7.669325123,16.08033333,117.4208621,144.7647701,5.332758621,nan
197,119.3205244,524.49625,270.8069007,634.4853695,247.5699425,468.5158333,56.28578161,494.6384483,140.5786314,691.3922069,0,25.86287356,5.122598522,30.14796949,17.82551724,0,14.63293103,17.89206897,28.48078818,56.93365271,19.96317702,8.659094828,41.6955,30.41338259,6.459310345,28.49482759,30.07971264,37.44432594,36.50103448,24.9322069,2.02137931,26.05921264,248.1587931,208.9001724,22.01364943,nan
198,288.3328458,699.2913793,529.8750246,631.6910345,293.5040517,611.4864943,90.35804598,741.0768966,192.9069542,728.5968865,0,50.99463218,7.509285714,49.56856787,5.033103448,0,27.53896552,21.12890805,34.35164532,59.01150821,17.65791188,13.62412562,73.22539655,48.11765846,2.98137931,12.12931034,16.86735632,63.44431158,8.169885057,29.42482759,1.996921182,33.32031034,388.4916256,273.6493678,29.90628736,nan
199,392.2497363,690.3098707,534.8026601,616.6243842,521.0623103,689.5188506,127.6899425,946.5612726,222.4095057,771.0702572,1.687448276,58.03590805,22.16888793,52.49157909,16.04275862,4.770413793,41.495,43.1445977,56.97497537,87.71293186,15.17711671,18.76283867,91.12836782,89.816,9.315172414,19.5862069,25.88988506,69.86781076,21.63681034,34.34655172,9.924411709,67.13385057,442.2438506,348.1087931,58.13972989,nan
200,533.787176,618.0210337,542.8403571,609.3998901,586.7275,713.9552564,113.3091026,1023.008846,214.6917465,699.1862196,0,69.40182692,12.71548077,91.55521795,24.73615385,2.162,46.08211538,43.68512821,88.82250916,135.8944139,40.84717244,20.68346612,63.952,128.6821429,9.003846154,16.76730769,33.38121795,110.4883013,43.79099359,59.63646154,18.91143544,48.96489103,515.2151099,473.8216026,42.51723077,nan
201,690.4861253,658.4810345,702.0932512,505.3415764,709.7432759,712.8506897,83.65158046,1198.515,224.0967446,785.1375991,0,49.94298851,13.62933908,86.42121907,20.55241379,7.013344828,89.85896552,43.98068966,106.8411544,180.0430542,42.28378316,26.14336823,97.04733333,172.3294089,15.27862069,13.50172414,19.74758621,131.5642057,10.4232069,27.14336207,13.48583428,86.22617816,557.8505993,612.791954,58.47032184,nan
202,590.8536827,631.0117241,661.3669212,491.4731527,716.1008621,751.0877011,47.09328161,1110.488563,184.6590848,807.6271839,0,42.17149425,6.040603448,96.17992406,12.42517241,1.938344828,125.8886207,44.33218391,98.3037931,178.7969458,32.08377188,35.971711,78.75958621,163.8095074,13.16275862,31.63655172,47.01988506,117.3910764,38.05050575,57.38616092,6.445694581,64.72179885,615.7150821,718.3731609,34.9748908,nan
203,629.7939464,700.9405388,633.7041379,474.6748276,726.6714655,674.9126437,28.04142529,1073.036609,251.5091216,851.9112586,1.570689655,38.71674713,9.017672414,95.01384756,12.42551724,3.876689655,115.8844828,34.59862069,64.5698243,178.5203448,32.40650075,16.36030788,64.90441379,177.5574384,8.442758621,18.2137931,29.38149425,127.6621798,35.32848276,39.21168966,9.951332512,114.315,464.0174466,685.2328736,26.30267816,nan
204,653.8970498,750.5571121,545.7175369,591.2545813,718.5321552,668.5175862,67.64299425,1196.933621,236.6539827,830.3781264,1.687448276,56.66601724,21.14389655,98.17047961,16.91689655,12.65327586,140.0393103,56.45528736,76.58199507,179.5057143,18.47240329,22.99723522,77.93617241,166.8870772,6.954482759,19.5862069,25.44965517,116.5116872,29.68361494,24.55706897,13.02241531,91.6942069,628.6654926,590.3918966,40.87657471,nan
205,648.4839475,711.287931,488.5484483,687.056601,685.1021552,643.86,50.95529885,1191.988851,232.5508561,774.6713506,0,37.92076437,14.87869951,99.98739464,24.32689655,4.732965517,139.8727586,46.89436782,124.507092,179.6452217,49.92013926,16.18059729,71.36365517,165.7060099,8.197586207,20.80586207,21.45321839,116.4585837,16.3258908,34.53050575,6.708056924,109.7298218,507.8616092,540.3663218,37.60192529,nan
206,672.8077478,654.4319397,492.173202,670.1554187,727.5183621,711.472069,64.16656897,1125.885862,228.9800015,797.931217,0,36.52244253,18.54684195,80.75729885,8.650344828,7.561896552,123.4463793,28.65126437,107.8922044,179.7884236,28.29541785,19.73275657,110.7395862,175.6822167,8.693793103,12.01034483,31.56114943,124.0555234,13.5125,27.11348276,7.797157412,76.99622989,590.7870525,501.8933333,37.91017241,nan
207,571.9196935,698.195819,602.8115271,585.1630049,713.3139655,699.0470115,86.68294253,1180.221092,209.7644638,751.8381968,0,40.57416092,11.09475575,108.0925718,4.141724138,3.876689655,63.46948276,28.64264368,110.6088539,179.9526108,36.03003316,24.73733374,79.25900575,168.9385714,4.845862069,12.16896552,31.61965517,136.6523892,28.26310345,51.9996092,8.000521346,92.36683333,654.9585386,503.6856322,53.87172414,nan
208,655.6583852,649.6625862,443.194335,588.8704926,730.6058621,718.9014943,64.16532184,1046.861034,202.4855082,713.8194943,0,39.74327586,7.487364532,116.7954206,11.90137931,0,73.01155172,28.34689655,92.15767159,177.4453695,47.5414712,29.07556158,61.25446552,179.7925123,9.565862069,24.1,32.13793103,129.1152196,23.55131034,34.94508621,15.28785222,78.66140805,639.2435057,565.7513218,46.2327069,nan
209,648.1061724,693.8175431,395.9537438,589.9084729,697.0461207,686.978046,88.62058621,1084.364195,208.2436013,879.4856782,0,37.13906897,25.59243842,86.70411125,4.141724138,1.938344828,54.07482759,24.82706897,80.44977176,178.2421182,21.15869879,15.34673235,59.37778161,143.3691626,9.440689655,17.60413793,32.09293103,125.8523337,21.49853448,41.39703448,11.72986453,79.81573563,552.6146634,467.0928736,42.85821839,nan
210,628.6920892,582.9261207,435.4575123,593.744335,714.3447414,727.7182759,116.5783908,1093.637816,186.9802951,842.855283,0,36.17735632,12.34848276,79.40237616,22.70172414,1.938344828,69.61637931,29.50994253,69.54466338,183.9994335,44.77599204,32.31949302,94.47841379,136.9996322,8.567586207,10.51896552,31.81988506,137.763085,21.08522989,47.56763793,7.223342175,104.083,527.6099507,454.811092,45.09104598,nan
211,642.3777469,570.8706466,664.3270443,522.7970936,728.1622414,765.9495402,61.21285632,1149.651897,213.2465402,660.8842069,1.687448276,37.95785057,13.10220443,103.8003322,19.81862069,5.814965517,52.96603448,36.95229885,93.86727094,177.6018227,40.28017927,33.38002874,94.45346552,163.4905747,3.351724138,15.15172414,19.63057471,133.5487069,15.77752874,39.96810345,10.87640786,124.1918046,593.974064,557.26,39.47175287,nan
212,641.2628204,591.7090948,698.7844828,483.3612808,727.3164655,753.9834483,72.84990805,1082.165805,163.6672207,711.9261523,1.687448276,35.77268966,13.70921552,91.06218692,16.56758621,5.815034483,168.977931,44.73701149,107.0119048,179.6861576,41.74288795,42.97634031,87.48536207,172.7922167,4.594482759,19.70517241,24.89137931,126.1952894,25.47977011,39.75282759,7.497822934,59.05185057,536.5737767,782.9444828,43.94352299,nan
213,584.6370532,531.6056897,705.6302217,416.3955172,729.6605172,765.324023,41.71303448,1066.359655,193.9010502,822.5710948,1.687448276,37.92675287,6.040603448,104.9137917,17.66862069,12.07222989,131.0922414,44.90413793,76.76386371,177.2778325,46.97029826,36.92499384,73.02745402,178.5089655,3.602758621,7.536206897,21.38770115,119.1107993,14.29853448,29.34281034,16.17631773,133.3064655,177.0262315,1054.058218,29.39879885,nan
214,675.8162763,521.8215086,630.2123892,400.1502956,737.1703448,768.7828736,43.49324138,1099.097644,176.5897151,817.078056,0,32.16644828,8.054137931,107.2612375,30.09448276,1.938344828,201.3884483,52.75235632,58.83937192,178.5921182,45.21030939,23.78824631,55.546,170.4221675,6.333103448,27.00344828,26.53637931,121.0399877,23.82074713,31.40468966,4.793497537,83.67098276,214.7934105,888.2777586,30.4752069,nan
215,533.1547342,575.807069,234.911751,200.0483005,725.8964655,650.985977,132.5317816,1039.533333,181.3775589,936.4216092,0,41.61683908,8.814534483,78.99971757,31.35310345,5.815034483,166.3498276,69.13804598,67.99031199,181.1689163,42.52342427,13.70554926,62.7538046,144.3820197,8.693793103,16.72241379,25.56666667,133.5031466,27.44718391,42.99344828,11.96765103,77.1478046,418.7447455,518.2986207,34.5586092,nan
216,358.5900181,231.1815201,128.2984368,63.66767816,643.8497414,464.2145977,82.66850575,910.4909195,104.1107575,572.8149885,0,3.21362069,11.12154885,60.25927203,19.08413793,8.763310345,161.0915517,27.72465517,20.49560755,92.52031199,12.80488064,10.98042816,52.40795402,84.28170361,3.728275862,1.531034483,17.74942529,142.4097722,12.38146552,20.90262069,6.582413793,48.21677586,239.1801724,362.1929885,14.20236782,nan
217,216.1881239,151.4887911,93.25588914,53.29869458,414.5218966,272.3372414,60.79152299,543.1312069,104.5500593,309.2468391,0,7.687586207,0,8.671431992,1.258275862,0,105.5993103,5.356206897,17.71112315,96.19875698,5.656259358,8.970036946,19.24268966,73.95758621,0.62137931,3.062068966,0,80.63564245,3.935344828,7.014977011,0,27.37595402,106.4241544,188.7246552,15.32783333,nan
218,103.0080375,107.6227353,51.27061713,42.79206897,211.8464655,141.9357471,52.4883046,255.4971264,25.55209853,161.4448055,0,7.687586207,2.013534483,5.343869732,0,1.938344828,15.17413793,3.583448276,6.461261084,23.75573071,0,0,15.79868966,25.66885386,1.117241379,0,3.879310345,9.062284483,3.899195402,4.502551724,3.768158867,11.31127586,66.90269869,115.1331839,5.332758621,nan
219,57.3185122,227.8741256,119.0456601,230.3680788,80.05686782,123.7062069,51.46444828,179.0527701,20.11377833,190.4045977,1.687448276,27.99560345,2.013534483,2.055670498,4.141724138,2.949655172,4.137931034,10.72517241,5.963694581,3.480735632,3.599439655,10.6485936,22.12541954,3.135172414,1.73862069,6.044827586,7.817126437,0,5.884942529,9.905034483,0,3.185344828,96.7070977,129.3617644,10.66551724,nan
220,95.24188642,475.647975,274.8222857,672.1962857,130.1111,460.458,143.13152,433.4239048,144.1916593,578.042235,1.95744,26.27593333,15.02788667,28.03773333,11.92,2.24848,10.3646,18.63986667,30.80454762,21.54502095,15.1600567,15.7992,25.6841,12.32339048,6.0508,29.686,19.5184,17.98600571,31.955,45.55404,12.43345714,17.63141333,279.6141048,170.0754667,33.16821333,nan
221,190.4810265,610.4311853,417.5399507,652.1350246,242.4310632,625.5385057,71.0776954,599.4728161,160.3753792,732.3915632,0,39.79781609,6.501925287,16.99633621,10.27586207,0,24.31327586,21.79793103,24.32078818,26.2525468,14.64945091,12.32439655,42.91063793,22.73167488,5.711724138,10.55862069,15.75126437,31.3707032,9.856436782,44.91389655,3.802344828,45.93582184,330.588555,225.8893678,26.67482759,nan
222,423.453535,690.5282328,535.5417488,603.274532,340.087069,628.5029885,94.20037931,909.3791954,256.9516314,744.8491236,0,85.70132184,23.49394704,35.24980364,12.09448276,8.805344828,41.66,25.96431034,52.29447455,50.32912069,19.45286941,5.438692529,54.75282759,30.94881527,10.43275862,22.64827586,22.67281609,71.14962151,27.58775862,41.37753448,18.88121177,45.1651954,487.4599425,316.7148276,69.73494253,nan
223,512.8146236,759.7443966,658.6931773,432.8947291,573.6082759,545.7070115,71.92305747,1065.24046,289.7572746,763.7076954,0,56.99591954,23.39181034,56.71171045,9.542068966,2.929310345,38.57517241,26.84482759,61.21073892,88.11204351,28.6834054,12.53385468,45.91113793,98.07134483,9.685517241,19.62586207,23.50988506,52.03847209,26.90286207,48.89856897,14.75071003,54.98038506,652.2751396,374.7623563,47.09197701,nan
224,574.6081223,709.6544828,642.0426355,563.5953695,521.644569,674.1843678,92.92576437,1166.839368,307.3023382,779.1899239,0,42.60121839,18.8194569,77.06165982,19.29344828,3.876689655,51.82706897,26.85724138,82.40284483,96.91958292,29.48941818,8.684802956,65.99677011,98.40335878,8.323448276,12.05,29.50448276,65.23462233,13.76382184,37.19037931,14.69045322,93.37556897,474.6257964,458.9637931,64.11518391,nan
225,646.9582759,707.8610991,635.6491872,542.9508374,597.4792241,649.4293103,60.40497701,1171.41477,272.2712489,757.741352,0,29.13197701,8.651301314,43.49783908,11.90137931,3.876689655,61.50689655,27.01850575,74.96658703,147.3026305,25.45569562,10.56773276,74.90806322,106.1006363,4.09862069,9.027586207,25.1308046,109.8255431,13.82793103,34.58793103,11.00323974,73.54003448,613.9202545,540.4087356,43.86783908,nan
226,489.2543721,648.1546552,651.9191626,484.2408374,693.6531034,724.5131034,47.17379885,1086.009598,244.251644,799.9177945,0,39.57232184,16.3247578,70.98203804,13.68448276,3.230574713,123.0439655,27.35597701,61.69116995,178.0083251,37.53881729,23.45226601,60.05907471,164.3457143,1.73862069,1.531034483,20.74666667,109.7165086,27.84566092,43.85974138,7.580965517,60.30271264,554.1395813,636.251954,27.57043678,nan
227,643.7974074,734.6036574,665.9622487,490.5898413,707.0714815,718.7060494,44.82258025,1010.335864,273.7459268,858.2776543,3.020740741,42.39503704,6.810138889,55.2689756,14.69703704,4.163851852,134.6409259,26.95617284,73.32739683,184.7700176,33.74088717,17.8073567,64.36176543,185.5005291,4.004814815,1.601851852,5.302592593,71.38888889,29.10274691,66.28916049,11.1755368,123.7881605,562.8069753,708.538642,34.92018519,nan
228,658.5045267,759.7813793,634.342931,462.6829064,713.9043966,633.5863218,57.66131609,1118.762701,233.2790952,836.9218233,0,41.34618391,20.80415846,88.23484674,27.21068966,1.938344828,150.1784483,50.82390805,102.6411429,179.6829557,50.15366667,19.99858867,87.21498276,182.26133,6.828965517,5.965517241,29.92528736,81.22346346,19.21336207,42.71952874,10.68401478,111.8747989,608.0053038,647.9968966,45.41475862,nan
229,496.9529248,751.9539286,507.5433673,622.259898,715.9598214,608.7757143,78.59384524,1174.895,218.4714096,760.5809405,3.495428571,34.05030952,23.08017857,145.7655896,10.1,8.030285714,154.2175,52.79357143,89.38914966,178.5992857,38.13535823,41.95820153,63.82088095,152.9703061,2.574285714,15.61071429,28.24619048,140.2639464,11.02970238,24.65428571,6.609795918,97.09642857,499.1479082,594.6989286,65.824,nan
230,649.5454981,644.0973922,450.1968719,617.7064532,732.6206897,702.391954,144.7052874,1069.113736,225.9931762,765.1840704,0,42.32071264,25.03890805,92.93011467,14.05068966,4.988086207,82.80741379,30.4154023,124.8815066,181.0025616,49.0634213,26.55236453,93.73356897,180.3488259,11.54965517,12.12931034,31.21,131.5030788,21.05902299,43.31377586,16.14559982,74.76835057,427.1069048,436.1087931,39.19689655,nan
231,681.7556389,650.2567241,459.4657635,542.4108374,699.112931,652.1432184,152.9756437,1036.747701,251.8286687,716.9238966,0,32.72383908,24.40075,76.82413793,12.42517241,0,133.962069,14.32114943,90.04254516,178.21,51.76318188,18.8591913,80.84064368,166.5033498,8.819310345,10.51931034,31.56114943,126.0504249,19.3580977,36.96064368,3.787931034,88.74452874,480.9265271,416.6301724,44.4007931,nan
232,622.7655747,614.1695259,424.8855419,415.8524138,711.0276724,658.4881609,130.622023,1072.566954,207.1579805,845.0243793,0,44.56694253,15.87943227,55.5050431,8.650689655,0,76.81810345,27.81511494,82.10364532,179.1091133,38.14773241,25.60229064,101.0867241,162.3782759,12.29689655,18.01551724,26.59482759,151.8200862,22.27438506,35.79365517,9.396683087,66.81226437,443.0458292,468.3993103,38.86873563,nan
233,615.9757098,585.2282974,279.1281281,410.1338424,689.6150862,559.2066092,126.6064713,1057.057989,167.3366053,900.0727486,0,44.96932759,8.227873563,72.80010372,16.20103448,1.938344828,48.76844828,34.73149425,88.28696634,178.3438424,42.43277128,36.54345936,85.91248276,169.1541872,4.09862069,12.01034483,22.68643678,118.9579023,41.12639655,47.78805172,2.02137931,65.17802874,399.8784154,355.9496552,23.73185057,nan
234,635.8082184,478.9057543,392.987266,520.7960591,648.4912069,564.4057471,88.28927586,1060.585427,192.3337335,803.997898,0,45.34927586,8.054137931,92.65298782,25.58586207,1.938344828,57.20103448,32.2262069,108.7881773,162.1642529,50.77356757,34.49533867,96.2585977,117.6548227,5.837586207,27.0037931,31.09005747,97.37423399,40.93091954,47.83787931,9.829034483,85.41125862,446.5327094,472.8135632,42.86665517,nan
235,517.679751,569.7770043,488.1924384,667.061133,700.9665517,749.2606897,113.1731149,1126.416092,209.4947617,748.137842,0,45.45238506,6.040603448,93.94252874,23.06862069,3.876689655,85.87689655,32.32793103,91.48251232,181.6775369,59.62674627,32.96109811,75.47918391,164.6203448,8.323793103,19.70517241,19.57206897,122.8652935,21.97686782,28.41667816,18.74769237,79.01794253,575.1451888,550.9496552,47.90137931,nan
236,560.2131897,580.5362284,576.5386207,520.0944335,712.0591379,736.0478161,74.15634483,1147.205862,182.5261008,749.2873218,0,30.73362069,15.63348276,65.01191188,22.86,0,106.9148276,43.21448276,124.833867,177.9461084,48.16870307,28.70563424,76.01937931,174.5381281,5.215862069,24.06034483,38.4962069,149.9283621,23.01939655,51.3957931,13.65931146,125.9053678,570.8134154,610.8257471,44.02958621,nan
237,554.9259655,617.9474353,590.8239655,462.737734,727.6141379,732.9033333,83.42603448,985.753046,197.7070783,759.4949095,0,25.7884023,3.510327586,95.83845922,16.93413793,3.876689655,136.7015517,32.0237931,109.6583251,179.2520197,62.7256807,30.81633415,71.32455747,169.0504926,7.080344828,16.5637931,27.30764368,129.4361897,19.62244253,32.40860345,3.581482759,90.99155747,604.6647947,778.6948851,42.40994253,nan
238,530.6129909,588.9651724,600.484064,345.1086207,733.0363793,634.6487356,90.50194828,928.6300575,204.7530141,926.6048908,0,27.73622989,2.013534483,75.15228681,38.74551724,3.876689655,179.7356897,55.07534483,86.03044992,178.752266,45.07331376,35.42043103,76.67729885,167.9045813,9.440344828,31.6762069,44.16890805,113.6948399,30.90678161,38.23455172,7.541705665,68.03381034,536.0966338,724.4074138,42.81622414,nan
239,492.1082369,312.7548276,231.2784138,181.2671675,724.9505172,700.4973563,116.7547701,945.1433333,177.2687424,719.5584583,0,36.91004598,14.2624569,71.92632663,23.5937931,5.815034483,147.1539655,55.46206897,54.59615764,177.8651724,42.46971327,23.88597291,39.53751724,157.4335714,3.603103448,14.99310345,15.80977011,125.1654495,25.51464368,37.48425862,3.71789272,76.55067241,391.9506404,570.0794828,28.0338908,nan
